番号,ポケモン,タイプ1,タイプ2,わざ1,わざ2,わざ3,わざ4,もちもの,せいかく,努力値
1,フシギダネ,くさ,どく,マジカルリーフ,どくどく,やどりぎのタネ,あまいかおり,ひかりのこな,ひかえめ,とくこう/とくぼう
2,ヒトカゲ,ほのお,,ほのおのキバ,メタルクロー,えんまく,こわいかお,ピントレンズ,いじっぱり,こうげき/すばやさ
3,ゼニガメ,みず,,アクアジェット,かみつく,からにこもる,まもる,うしおのおこう,いじっぱり,HP/こうげき
4,チコリータ,くさ,,タネマシンガン,ひみつのちから,なきごえ,ひかりのかべ,のんきのおこう,いじっぱり,HP/こうげき
5,ヒノアラシ,ほのお,,かえんぐるま,にどげり,スピードスター,えんまく,せんせいのツメ,いじっぱり,こうげき/とくぼう
6,ワニノコ,みず,,ダイビング,きりさく,いやなおと,こわいかお,するどいツメ,いじっぱり,こうげき/ぼうぎょ
7,キモリ,くさ,,メガドレイン,スピードスター,フラッシュ,かげぶんしん,きせきのタネ,おくびょう,とくこう/すばやさ
8,アチャモ,ほのお,,ひのこ,オウムがえし,どろかけ,かげぶんしん,もくたん,すなお,こうげき/とくこう
9,ミズゴロウ,みず,,みずのはどう,こごえるかぜ,どろかけ,なきごえ,しんぴのしずく,ひかえめ,HP/とくこう
10,ナエトル,くさ,,はっぱカッター,かみつく,くすぐる,からにこもる,オッカのみ,いじっぱり,HP/こうげき
11,ヒコザル,ほのお,,かえんぐるま,からげんき,にらみつける,ねこだまし,イトケのみ,いじっぱり,こうげき/すばやさ
12,ポッチャマ,みず,,バブルこうせん,つばめがえし,なきごえ,ちょうおんぱ,リンドのみ,てれや,こうげき/とくこう
13,コロボーシ,むし,,むしくい,がまん,どろかけ,なきごえ,チイラのみ,のんき,HP/ぼうぎょ/とくぼう
14,ピンプク,ノーマル,,プレゼント,てんしのキッス,まねっこ,あまえる,オボンのみ,いじっぱり,HP/ぼうぎょ
15,ミノムッチ,むし,,むしくい,たいあたり,いびき,まもる,オボンのみ,いじっぱり,HP/こうげき
16,ヌケニン,むし,ゴースト,かげうち,れんぞくぎり,あやしいひかり,すなかけ,のんきのおこう,いじっぱり,こうげき/すばやさ
17,ムックル,ノーマル,ひこう,つばさでうつ,でんこうせっか,がむしゃら,なきごえ,するどいくちばし,いじっぱり,こうげき/すばやさ
18,ミツハニー,むし,ひこう,むしくい,かぜおこし,あやしいかぜ,あまいかおり,ぎんのこな,まじめ,こうげき/とくこう/すばやさ
19,ビッパ,ノーマル,,ずつき,ついばむ,なきごえ,あくび,シルクのスカーフ,いじっぱり,HP/こうげき
20,コリンク,でんき,,かみなりのキバ,かみつく,とおぼえ,にらみつける,おうじゃのしるし,いじっぱり,HP/こうげき
21,チェリンボ,くさ,,マジカルリーフ,どくどく,やどりぎのタネ,てだすけ,おはなのおこう,ひかえめ,とくこう/とくぼう
22,スボミー,くさ,どく,メガドレイン,どくどく,せいちょう,なやみのタネ,おおきなねっこ,おだやか,とくこう/とくぼう
23,リーシャン,エスパー,,ねんりき,スピードスター,かなしばり,なきごえ,まがったスプーン,ひかえめ,とくこう/とくぼう
24,リオル,かくとう,,かわらわり,バレットパンチ,みやぶる,カウンター,たつじんのおび,いじっぱり,こうげき/すばやさ
25,ウソハチ,いわ,,いわなだれ,けたぐり,まねっこ,すなあらし,がんせきおこう,いじっぱり,こうげき/ぼうぎょ
26,カゲボウズ,ゴースト,,かげうち,はたきおとす,おにび,おんねん,のろいのおふだ,いじっぱり,HP/こうげき
27,ヨマワル,ゴースト,,かげうち,いたみわけ,おにび,あやしいひかり,のろいのおふだ,いじっぱり,ぼうぎょ/とくぼう
28,ロコン,ほのお,,ひのこ,スピードスター,おにび,あやしいひかり,ひかりのこな,おだやか,とくこう/とくぼう
29,ピカチュウ,でんき,,でんきショック,スピードスター,でんじは,かげぶんしん,オボンのみ,ひかえめ,とくこう/すばやさ
30,サンド,じめん,,あなをほる,がんせきふうじ,すなあらし,すなかけ,やわらかいすな,いじっぱり,こうげき/ぼうぎょ
31,イシツブテ,いわ,じめん,マグニチュード,ロックブラスト,かいりき,まもる,きあいのハチマキ,いじっぱり,こうげき/ぼうぎょ
32,ミニリュウ,ドラゴン,,たつまき,みずのはどう,でんじは,ちょうおんぱ,クラボのみ,ひかえめ,とくこう/とくぼう
33,ブルー,ノーマル,,ずつき,かみつく,いばる,こわいかお,するどいツメ,いじっぱり,HP/こうげき
34,テッポウオ,みず,,バブルこうせん,オーロラビーム,どろかけ,ちょうおんぱ,ヤタピのみ,ひかえめ,とくこう/すばやさ
35,ヨーギラス,いわ,じめん,いわなだれ,あなをほる,かみつく,こわいかお,チイラのみ,いじっぱり,HP/こうげき
36,ヤジロン,じめん,エスパー,サイケこうせん,どろかけ,げんしのちから,ひかりのかべ,まがったスプーン,ひかえめ,とくこう/とくぼう
37,ユキワラシ,こおり,,こおりのキバ,ずつき,かみつく,まもる,おうじゃのしるし,いじっぱり,HP/こうげき
38,タツベイ,ドラゴン,,りゅうのいぶき,ずつき,かわらわり,こわいかお,りゅうのキバ,やんちゃ,こうげき/ぼうぎょ
39,ドーミラー,はがね,エスパー,ねんりき,ジャイロボール,げんしのちから,ふういん,あやしいおこう,ゆうかん,こうげき/とくこう
40,フカマル,ドラゴン,じめん,りゅうのいかり,すなじごく,メタルクロー,すなあらし,やわらかいすな,いじっぱり,HP/こうげき
41,グレッグル,どく,かくとう,どくづき,めざましビンタ,ちょうはつ,いばる,くろいヘドロ,いじっぱり,HP/こうげき
42,コンパン,むし,どく,むしくい,どくのこな,サイケこうせん,ちょうおんぱ,ぎんのこな,のんき,HP/とくこう
43,ワンリキー,かくとう,,からてチョップ,がんせきふうじ,みやぶる,こわいかお,ピントレンズ,いじっぱり,HP/こうげき
44,ムチュール,こおり,エスパー,ねんりき,こごえるかぜ,ねこだまし,てんしのキッス,ひかりのこな,おっとり,とくこう/すばやさ
45,キバニア,みず,あく,アクアジェット,かみつく,こわいかお,いばる,クラボのみ,いじっぱり,HP/こうげき
46,ドンメル,ほのお,じめん,マグニチュード,ひのこ,がんせきふうじ,すなあらし,のんきのおこう,まじめ,こうげき/とくこう
47,ヘイガニ,みず,,バブルこうせん,はさむ,はたきおとす,いばる,モモンのみ,ゆうかん,HP/とくこう
48,ドードー,ノーマル,ひこう,つばめがえし,でんこうせっか,だましうち,つぼをつく,チイラのみ,ようき,こうげき/すばやさ
49,チルット,ノーマル,ひこう,エアカッター,スピードスター,オウムがえし,メロメロ,メンタルハーブ,ひかえめ,とくこう/とくぼう
50,ニャルマー,ノーマル,,みだれひっかき,ねこだまし,だましうち,メロメロ,するどいツメ,ようき,こうげき/すばやさ
51,マネネ,エスパー,,まねっこ,ねんりき,バリアー,ひかりのかべ,のんきのおこう,ずぶとい,とくこう/とくぼう
52,ヤドン,みず,エスパー,みずのはどう,ねんりき,かなしばり,あくび,クラボのみ,ひかえめ,HP/とくこう
53,ナゾノクサ,くさ,どく,メガドレイン,ようかいえき,あまいかおり,つきのひかり,おはなのおこう,ずぶとい,とくこう/とくぼう
54,コダック,みず,,みずでっぽう,ねんりき,みずあそび,かなしばり,カゴのみ,ひかえめ,HP/とくこう
55,カラカラ,じめん,,ホネこんぼう,ずつき,かわらわり,にらみつける,やわらかいすな,いじっぱり,こうげき/ぼうぎょ
56,トサキント,みず,,みずのはどう,サイケこうせん,ちょうおんぱ,あまごい,ヤタピのみ,ひかえめ,ぼうぎょ/とくこう
57,ネイティ,エスパー,ひこう,ナイトヘッド,エアカッター,あやしいかぜ,みらいよち,まがったスプーン,おくびょう,とくこう/すばやさ
58,ピッピ,ノーマル,,めざましビンタ,このゆびとまれ,アンコール,うたう,ひかりのこな,いじっぱり,HP/こうげき
59,コイル,でんき,はがね,でんげきは,ミラーショット,きんぞくおん,リフレクター,チーゴのみ,ずぶとい,ぼうぎょ/とくこう
60,パウワウ,みず,,アクアジェット,こおりのつぶて,ねこだまし,アンコール,ナナシのみ,いじっぱり,こうげき/とくぼう
61,ベトベター,どく,,どくどく,かげうち,とける,ちいさくなる,くろいヘドロ,いじっぱり,HP/こうげき
62,クラブ,みず,,バブルこうせん,はさむ,にらみつける,まもる,モモンのみ,れいせい,ぼうぎょ/とくこう
63,タマタマ,くさ,エスパー,ねんりき,くさむすび,やどりぎのタネ,ひかりのかべ,あやしいおこう,ひかえめ,ぼうぎょ/とくこう
64,イーブイ,ノーマル,,とっしん,かみつく,じたばた,こらえる,カムラのみ,ようき,こうげき/すばやさ
65,カラナクシ,みず,,みずのはどう,どろかけ,こごえるかぜ,かたくなる,のんきのおこう,ずぶとい,HP/とくこう
66,スリープ,エスパー,,サイケこうせん,ねこのて,かなしばり,バリアー,チーゴのみ,ひかえめ,とくこう/とくぼう
67,スカンプー,どく,あく,おいうち,どくどく,きりさく,えんまく,くろいメガネ,いじっぱり,こうげき/すばやさ
68,ビリリダマ,でんき,,でんげきは,スピードスター,でんじは,ひかりのかべ,ヤタピのみ,ひかえめ,とくこう/すばやさ
69,チョンチー,みず,でんき,でんげきは,バブルこうせん,こごえるかぜ,でんじは,じしゃく,ひかえめ,HP/とくこう
70,ヒメグマ,ノーマル,,ひみつのちから,だましうち,メロメロ,ねむる,カゴのみ,わんぱく,HP/こうげき
71,デリバード,こおり,ひこう,プレゼント,アイスボール,つばめがえし,あられ,とけないこおり,いじっぱり,こうげき/すばやさ
72,デルビル,あく,ほのお,ほのおのキバ,かみつく,ほえる,おにび,もくたん,いじっぱり,こうげき/すばやさ
73,ゴマゾウ,じめん,,ころがる,がんせきふうじ,まるくなる,すなあらし,メトロノーム,いじっぱり,HP/こうげき
74,ココドラ,はがね,いわ,メタルクロー,がんせきふうじ,てっぺき,まもる,メタルコート,わんぱく,こうげき/ぼうぎょ
75,バネブー,エスパー,,サイコウェーブ,スピードスター,マジックコート,あやしいひかり,オボンのみ,ひかえめ,とくこう/とくぼう
76,ラブカス,みず,,みずのはどう,メロメロ,てんしのキッス,あまごい,しめったいわ,おくびょう,とくこう/すばやさ
77,ブイゼル,みず,,アクアジェット,でんこうせっか,おいうち,なきごえ,さざなみのおこう,ようき,こうげき/すばやさ
78,ヒポポタス,じめん,,あなをほる,がんせきふうじ,すなじごく,あくび,カゴのみ,いじっぱり,HP/こうげき
79,スコルピ,どく,むし,どくどくのキバ,むしくい,かみつく,どくびし,どくバリ,わんぱく,こうげき/ぼうぎょ
80,ケイコウオ,みず,,みずのはどう,ぎんいろのかぜ,メロメロ,アクアリング,さざなみのおこう,ひかえめ,とくこう/とくぼう
81,ユキカブリ,くさ,こおり,れいとうパンチ,はっぱカッター,くさぶえ,ねをはる,とけないこおり,いじっぱり,HP/こうげき
82,メノクラゲ,みず,どく,バブルこうせん,ようかいえき,ちょうおんぱ,バリアー,クラボのみ,ひかえめ,とくこう/とくぼう
83,サボネア,くさ,,ニードルアーム,だましうち,わたほうし,くさぶえ,ナナシのみ,いじっぱり,HP/こうげき
84,ドガース,どく,,ヘドロこうげき,サイケこうせん,えんまく,うらみ,どくバリ,ひかえめ,ぼうぎょ/とくこう
85,ヒトデマン,みず,,バブルこうせん,たつまき,スピードスター,ひかりのかべ,クラボのみ,おくびょう,とくこう/すばやさ
86,ポポッコ,くさ,ひこう,メガドレイン,つばめがえし,ねんりき,わたほうし,おおきなねっこ,すなお,こうげき/とくこう
87,ハスブレロ,みず,くさ,みずのはどう,メガドレイン,ねこだまし,あまごい,しめったいわ,れいせい,とくこう/とくぼう
88,コノハナ,くさ,あく,はっぱカッター,だましうち,いばる,かたくなる,ナナシのみ,いじっぱり,HP/こうげき
89,ビブラーバ,じめん,ドラゴン,りゅうのいぶき,どろかけ,あやしいかぜ,ちょうおんぱ,ナナシのみ,ひかえめ,とくこう/すばやさ
90,ムクバード,ノーマル,ひこう,がむしゃら,つばさでうつ,でんこうせっか,ふきとばし,するどいくちばし,いじっぱり,こうげき/すばやさ
91,サイホーン,じめん,いわ,あなをほる,ロックブラスト,こわいかお,しっぽをふる,キーのみ,いじっぱり,HP/こうげき/ぼうぎょ
92,パールル,みず,,うずしお,どくどく,てっぺき,まもる,しんかいのウロコ,ずぶとい,HP/ぼうぎょ
93,タマンタ,みず,ひこう,バブルこうせん,つばめがえし,こごえるかぜ,こうそくいどう,しんぴのしずく,すなお,とくこう/とくぼう
94,フワンテ,ゴースト,ひこう,あやしいかぜ,エアカッター,こごえるかぜ,おにび,ヤタピのみ,ひかえめ,HP/とくこう
95,ピジョン,ノーマル,ひこう,つばさでうつ,でんこうせっか,フェザーダンス,オウムがえし,チーゴのみ,いじっぱり,こうげき/すばやさ
96,ガーディ,ほのお,,ほのおのキバ,かみつく,ほえる,こうそくいどう,もくたん,いじっぱり,HP/こうげき
97,ズガイドス,いわ,,がんせきふうじ,おいうち,こわいかお,にらみつける,がんせきおこう,しんちょう,ぼうぎょ/とくぼう
98,タテトプス,いわ,はがね,アイアンヘッド,がんせきふうじ,いばる,てっぺき,きあいのハチマキ,なまいき,こうげき/ぼうぎょ
99,ミミロル,ノーマル,,ピヨピヨパンチ,ドレインパンチ,でんこうせっか,みやぶる,くろおび,いじっぱり,こうげき/すばやさ
100,カモネギ,ノーマル,ひこう,きりさく,エアカッター,はたきおとす,つるぎのまい,ながねぎ,いじっぱり,こうげき/とくぼう
101,オムナイト,いわ,みず,げんしのちから,みずでっぽう,マッドショット,まもる,モモンのみ,ずぶとい,ぼうぎょ/とくこう
102,カブト,いわ,みず,アクアジェット,がんせきふうじ,はたきおとす,きんぞくおん,チイラのみ,いじっぱり,こうげき/ぼうぎょ
103,リリーラ,いわ,くさ,げんしのちから,くさむすび,ねをはる,あやしいひかり,のんきのおこう,おだやか,HP/ぼうぎょ/とくぼう
104,アノプス,いわ,むし,れんぞくぎり,ロックブラスト,メタルクロー,まもる,メトロノーム,いじっぱり,こうげき/すばやさ
105,エイパム,ノーマル,,ダブルアタック,とんぼがえり,でんじは,ねこだまし,シルクのスカーフ,いじっぱり,こうげき/すばやさ
106,エレキッド,でんき,,かみなりパンチ,からてチョップ,でんこうせっか,ひかりのかべ,クラボのみ,ようき,こうげき/すばやさ
107,ドゴーム,ノーマル,,ふみつけ,かみつく,とおぼえ,ちょうおんぱ,キーのみ,いじっぱり,HP/こうげき
108,パッチール,ノーマル,,ピヨピヨパンチ,ドレインパンチ,だましうち,フラフラダンス,シルクのスカーフ,いじっぱり,HP/こうげき
109,ノコッチ,ノーマル,,ずつき,かみつく,うらみ,へびにらみ,するどいツメ,いじっぱり,HP/こうげき
110,ニドリーナ,どく,,どくどくのキバ,にどげり,かみつく,おだてる,どくバリ,いじっぱり,HP/こうげき
111,ニドリーノ,どく,,どくどく,にどげり,からげんき,おだてる,きあいのハチマキ,いじっぱり,HP/こうげき
112,モココ,でんき,,でんげきは,スピードスター,でんじは,ひかりのかべ,ひかりのねんど,ひかえめ,HP/とくこう
113,ブビィ,ほのお,,ほのおのパンチ,マッハパンチ,にらみつける,えんまく,モモンのみ,いじっぱり,こうげき/すばやさ
114,ノズパス,いわ,,げんしのちから,でんげきは,でんじは,すなあらし,かたいいし,ひかえめ,ぼうぎょ/とくこう
115,サニーゴ,みず,いわ,バブルこうせん,げんしのちから,ミラーコート,バリアー,きあいのハチマキ,ひかえめ,とくこう/とくぼう
116,エネコロロ,ノーマル,,ひみつのちから,だましうち,ねこだまし,みやぶる,オボンのみ,いじっぱり,HP/こうげき
117,ヤミラミ,あく,ゴースト,だましうち,かげうち,ねこだまし,みきり,くろいメガネ,わんぱく,こうげき/ぼうぎょ
118,クチート,はがね,,アイアンヘッド,かみつく,くすぐる,てっぺき,ひかりのこな,わんぱく,HP/ぼうぎょ
119,コロトック,むし,,れんぞくぎり,いわくだき,はたきおとす,きあいだめ,メトロノーム,いじっぱり,HP/こうげき
120,バタフリー,むし,ひこう,ぎんいろのかぜ,エアカッター,サイケこうせん,おいかぜ,モモンのみ,ひかえめ,とくこう/とくぼう
121,スピアー,むし,どく,ダブルニードル,どくどく,ダメおし,こうそくいどう,ピントレンズ,ようき,こうげき/とくぼう
122,ニョロゾ,みず,,バブルこうせん,おうふくビンタ,しろいきり,あまごい,チイラのみ,がんばりや,こうげき/とくこう
123,イワーク,いわ,じめん,いわなだれ,あなをほる,いやなおと,すなあらし,かたいいし,いじっぱり,こうげき/ぼうぎょ
124,ベロリンガ,ノーマル,,ひみつのちから,がんせきふうじ,したでなめる,いやなおと,カゴのみ,いじっぱり,HP/こうげき
125,アゲハント,むし,ひこう,ぎんいろのかぜ,エアカッター,メガドレイン,メロメロ,ぎんのこな,ひかえめ,とくこう/すばやさ
126,ドクケイル,むし,どく,ぎんいろのかぜ,どくどく,サイケこうせん,ふきとばし,ぎんのこな,ひかえめ,とくこう/とくぼう
127,ウツドン,くさ,どく,はっぱカッター,ようかいえき,まきつく,あまいかおり,ピントレンズ,れいせい,こうげき/とくこう
128,ゴローン,いわ,じめん,マグニチュード,がんせきふうじ,ステルスロック,まるくなる,きあいのハチマキ,いじっぱり,こうげき/ぼうぎょ
129,レディアン,むし,ひこう,ぎんいろのかぜ,エアカッター,こうそくいどう,バトンタッチ,するどいツメ,おくびょう,とくこう/とくぼう
130,アリアドス,むし,どく,むしくい,どくどく,かげうち,クモのす,ぎんのこな,いじっぱり,HP/こうげき
131,ヤンヤンマ,むし,ひこう,ぎんいろのかぜ,エアカッター,かげぶんしん,みきり,のんきのおこう,おくびょう,とくこう/すばやさ
132,ゴンベ,ノーマル,,ゆびをふる,リサイクル,たくわえる,のみこむ,オボンのみ,のんき,ぼうぎょ/とくぼう
133,クサイハナ,くさ,どく,メガドレイン,ようかいえき,しびれごな,つきのひかり,きせきのタネ,ひかえめ,HP/とくこう
134,ポリゴン,ノーマル,,スピードスター,サイケこうせん,こごえるかぜ,リサイクル,キーのみ,ひかえめ,HP/とくこう
135,ポワルン,ノーマル,,ウェザーボール,にほんばれ,あまごい,あられ,キーのみ,おくびょう,とくこう/すばやさ
136,バルビート,むし,,とんぼがえり,でんこうせっか,あやしいひかり,てだすけ,チイラのみ,ようき,こうげき/すばやさ
137,イルミーゼ,むし,,ぎんいろのかぜ,スピードスター,ねがいごと,てだすけ,ヤタピのみ,おくびょう,とくこう/すばやさ
138,ロゼリア,くさ,どく,メガドレイン,どくどく,くさぶえ,わたほうし,くろいヘドロ,ひかえめ,とくこう/とくぼう
139,ホエルコ,みず,,みずのはどう,こごえるかぜ,ほえる,しろいきり,うしおのおこう,ひかえめ,とくこう/すばやさ
140,パラセクト,むし,くさ,むしくい,くさむすび,ひっかく,しびれごな,ナナシのみ,ようき,とくぼう/すばやさ
141,ペラップ,ノーマル,ひこう,おしゃべり,スピードスター,うたう,オウムがえし,キーのみ,おだやか,とくぼう/すばやさ
142,ゴースト,ゴースト,どく,ナイトヘッド,どくどく,あやしいひかり,おんねん,キーのみ,おくびょう,とくこう/すばやさ
143,トゲチック,ノーマル,ひこう,エアカッター,スピードスター,マジカルリーフ,ねがいごと,カゴのみ,おだやか,とくこう/とくぼう
144,ヤミカラス,あく,ひこう,だましうち,つばさでうつ,いちゃもん,ちょうはつ,くろいメガネ,ようき,こうげき/すばやさ
145,ソーナンス,エスパー,,カウンター,ミラーコート,あまえる,はねる,きあいのハチマキ,ようき,ぼうぎょ/とくぼう/すばやさ
146,プラスル,でんき,,でんげきは,スピードスター,うそなき,てだすけ,ヤタピのみ,おくびょう,とくこう/すばやさ
147,マイナン,でんき,,でんげきは,スピードスター,アンコール,てだすけ,カムラのみ,おくびょう,とくこう/すばやさ
148,パチリス,でんき,,スパーク,でんこうせっか,かみつく,てんしのキッス,じしゃく,ようき,こうげき/すばやさ
149,ポニータ,ほのお,,かえんぐるま,ふみつけ,おにび,しっぽをふる,カゴのみ,いじっぱり,こうげき/すばやさ
150,マリルリ,みず,,バブルこうせん,ころがる,まるくなる,しっぽをふる,モモンのみ,れいせい,とくこう/とくぼう
151,フシギソウ,くさ,どく,はっぱカッター,どくのこな,とっしん,やどりぎのタネ,カムラのみ,しんちょう,こうげき/とくぼう
152,リザード,ほのお,,ほのおのキバ,きりさく,えんまく,こわいかお,するどいツメ,やんちゃ,こうげき/すばやさ
153,カメール,みず,,アクアジェット,かみつく,こうそくスピン,あくび,きあいのハチマキ,いじっぱり,HP/こうげき
154,ベイリーフ,くさ,,マジカルリーフ,げんしのちから,しんぴのまもり,ひかりのかべ,オボンのみ,ひかえめ,HP/とくこう
155,マグマラシ,ほのお,,かえんぐるま,にどげり,でんこうせっか,えんまく,カゴのみ,いじっぱり,こうげき/すばやさ
156,アリゲイツ,みず,,みずのはどう,きりさく,かみつく,こわいかお,ピントレンズ,まじめ,こうげき/とくこう
157,ジュプトル,くさ,,マジカルリーフ,スピードスター,どろかけ,みきり,バコウのみ,おくびょう,とくこう/すばやさ
158,ワカシャモ,ほのお,かくとう,ほのおのパンチ,にどげり,でんこうせっか,すなかけ,チイラのみ,いじっぱり,HP/こうげき
159,ヌマクロー,みず,じめん,マッドショット,みずのはどう,げんしのちから,なきごえ,きあいのハチマキ,ひかえめ,とくこう/とくぼう
160,ハヤシガメ,くさ,,はっぱカッター,かみつく,やどりぎのタネ,こうごうせい,おおきなねっこ,のんき,こうげき/ぼうぎょ
161,モウカザル,ほのお,かくとう,マッハパンチ,かえんぐるま,みだれひっかき,ちょうはつ,バコウのみ,いじっぱり,こうげき/すばやさ
162,ポッタイシ,みず,,バブルこうせん,メタルクロー,つつく,かげぶんしん,ソクノのみ,れいせい,とくこう/とくぼう
163,ウソッキー,いわ,,いわなだれ,だましうち,すなあらし,とおせんぼう,かたいいし,わんぱく,こうげき/ぼうぎょ
164,マグカルゴ,ほのお,いわ,ふんえん,げんしのちから,とける,すなあらし,のんきのおこう,ひかえめ,HP/とくこう
165,サナギラス,いわ,じめん,がんせきふうじ,あなをほる,こわいかお,すなあらし,かたいいし,いじっぱり,HP/こうげき
166,トドグラー,こおり,みず,オーロラビーム,みずのはどう,アンコール,あられ,つめたいいわ,のんき,HP/とくこう
167,ビーダル,ノーマル,みず,ずつき,みずのはどう,でんこうせっか,なきごえ,ヨプのみ,きまぐれ,こうげき/とくこう
168,ガバイト,ドラゴン,じめん,りゅうのいかり,すなじごく,きりさく,すなかけ,ヤチェのみ,いじっぱり,こうげき/すばやさ
169,ゴーリキー,かくとう,,からてチョップ,がんせきふうじ,みやぶる,こわいかお,きあいのハチマキ,いじっぱり,HP/こうげき
170,ラッタ,ノーマル,,がむしゃら,おいうち,でんこうせっか,こわいかお,シルクのスカーフ,ようき,こうげき/すばやさ
171,アメモース,むし,ひこう,ぎんいろのかぜ,エアカッター,あまいかおり,こわいかお,ぎんのこな,ずぶとい,ぼうぎょ/とくこう
172,オオタチ,ノーマル,,きりさく,ふいうち,てだすけ,ねこのて,チイラのみ,ようき,こうげき/すばやさ
173,ルクシオ,でんき,,かみなりのキバ,かみつく,フラッシュ,いばる,じしゃく,いじっぱり,HP/こうげき
174,チェリム,くさ,,マジカルリーフ,やどりぎのタネ,くさぶえ,こうごうせい,キーのみ,ずぶとい,とくぼう/すばやさ
175,ハクリュー,ドラゴン,,りゅうのいぶき,みずのはどう,でんじは,しんぴのまもり,クラボのみ,ひかえめ,とくこう/とくぼう
176,グラエナ,あく,,かみつく,どくどくのキバ,とおぼえ,ほえる,するどいキバ,ようき,こうげき/すばやさ
177,マッスグマ,ノーマル,,きりさく,シャドークロー,ほしがる,くすぐる,サンのみ,ようき,こうげき/すばやさ
178,ユンゲラー,エスパー,,ねんりき,なりきり,かなしばり,みらいよち,まがったスプーン,おくびょう,とくぼう/すばやさ
179,コモルー,ドラゴン,,りゅうのいぶき,ずつき,まもる,こわいかお,ナナシのみ,れいせい,こうげき/とくこう
180,メタング,はがね,エスパー,メタルクロー,ねんりき,でんじふゆう,こわいかお,カゴのみ,がんばりや,こうげき/とくこう
181,ミノマダム,むし,くさ,はっぱカッター,むしくい,まもる,ゆうわく,バコウのみ,いじっぱり,こうげき/とくぼう
182,ガーメイル,むし,ひこう,ぎんいろのかぜ,エアカッター,どくのこな,ゆうわく,ヤタピのみ,ひかえめ,HP/とくこう
183,プクリン,ノーマル,,ひみつのちから,くさむすび,ねがいごと,うたう,シルクのスカーフ,いじっぱり,HP/こうげき
184,キマワリ,くさ,,メガドレイン,ねをはる,やどりぎのタネ,ひかりのかべ,キーのみ,おだやか,とくこう/とくぼう
185,チリーン,エスパー,,サイコウェーブ,こごえるかぜ,いやしのすず,しんぴのまもり,モモンのみ,おだやか,とくこう/とくぼう
186,グライガー,じめん,ひこう,つばめがえし,すなじごく,メタルクロー,つるぎのまい,するどいツメ,いじっぱり,こうげき/ぼうぎょ
187,ハリーセン,みず,どく,バブルこうせん,どくどく,ミサイルばり,かたくなる,クラボのみ,てれや,こうげき/とくこう
188,ニューラ,あく,こおり,だましうち,こおりのつぶて,にらみつける,ちょうはつ,キーのみ,ようき,こうげき/すばやさ
189,オオスバメ,ノーマル,ひこう,ついばむ,でんこうせっか,きあいだめ,なきごえ,おうじゃのしるし,ようき,こうげき/すばやさ
190,ペリッパー,みず,ひこう,みずのはどう,エアカッター,たくわえる,のみこむ,カゴのみ,ひかえめ,ぼうぎょ/とくこう
191,コドラ,はがね,いわ,メタルクロー,がんせきふうじ,てっぺき,まもる,メタルコート,わんぱく,こうげき/ぼうぎょ
192,モンジャラ,くさ,,メガドレイン,げんしのちから,どくどく,しめつける,モモンのみ,ずぶとい,ぼうぎょ/とくこう
193,ムウマ,ゴースト,,あやしいかぜ,いたみわけ,あやしいひかり,でんじは,クラボのみ,おだやか,とくこう/とくぼう
194,アーボック,どく,,どくどくのキバ,かみつく,いえき,へびにらみ,キーのみ,いじっぱり,HP/こうげき
195,ペルシアン,ノーマル,,きりさく,とんぼがえり,ゆうわく,いばる,シルクのスカーフ,ようき,こうげき/すばやさ
196,シードラ,みず,,バブルこうせん,オーロラビーム,えんまく,あまごい,するどいツメ,ずぶとい,ぼうぎょ/とくこう
197,ヤルキモノ,ノーマル,,きりさく,おいうち,アンコール,カウンター,きあいのハチマキ,いじっぱり,HP/こうげき
198,ルナトーン,いわ,エスパー,げんしのちから,ねんりき,コスモパワー,リフレクター,オボンのみ,ひかえめ,とくこう/とくぼう
199,ソルロック,いわ,エスパー,サイコウェーブ,がんせきふうじ,コスモパワー,ひかりのかべ,オボンのみ,いじっぱり,こうげき/ぼうぎょ
200,カクレオン,ノーマル,,きりさく,かげうち,しっぽをふる,マジックコート,サンのみ,しんちょう,こうげき/とくぼう
201,ロトム,でんき,ゴースト,でんきショック,おどろかす,でんじは,あやしいひかり,クラボのみ,ひかえめ,とくこう/すばやさ
202,オニドリル,ノーマル,ひこう,ついばむ,からげんき,なきごえ,にらみつける,するどいくちばし,いじっぱり,こうげき/すばやさ
203,ヨルノズク,ノーマル,ひこう,ひみつのちから,つばめがえし,ちょうおんぱ,リフレクター,キーのみ,いじっぱり,HP/こうげき
204,サンドパン,じめん,,あなをほる,がんせきふうじ,まるくなる,すなあらし,オボンのみ,いじっぱり,こうげき/ぼうぎょ
205,モルフォン,むし,どく,ぎんいろのかぜ,サイケこうせん,ねむりごな,メロメロ,くろいヘドロ,おくびょう,とくこう/すばやさ
206,ラッキー,ノーマル,,ゆびをふる,リフレッシュ,まるくなる,ちいさくなる,オボンのみ,なまいき,HP/とくぼう
207,アズマオウ,みず,,みずのはどう,サイケこうせん,ちょうおんぱ,あまごい,モモンのみ,ひかえめ,HP/とくこう
208,ワタッコ,くさ,ひこう,つばめがえし,タネマシンガン,わたほうし,しっぽをふる,モモンのみ,ようき,こうげき/すばやさ
209,イノムー,こおり,じめん,こごえるかぜ,どろばくだん,しろいきり,あられ,とけないこおり,ひかえめ,HP/とくこう
210,ブニャット,ノーマル,,きりさく,だましうち,メロメロ,なきごえ,シルクのスカーフ,いじっぱり,こうげき/すばやさ
211,マスキッパ,くさ,,はっぱカッター,かみつく,あまいかおり,ねをはる,きせきのタネ,いじっぱり,HP/こうげき
212,ゴルバット,どく,ひこう,つばめがえし,どくどく,はがねのつばさ,あやしいひかり,ウタンのみ,ようき,こうげき/すばやさ
213,オコリザル,かくとう,,からてチョップ,みだれひっかき,みやぶる,きあいだめ,ピントレンズ,ようき,こうげき/すばやさ
214,サワムラー,かくとう,,まわしげり,からげんき,みやぶる,きあいだめ,くろおび,しんちょう,こうげき/とくぼう
215,エビワラー,かくとう,,マッハパンチ,バレットパンチ,こころのめ,カウンター,おうじゃのしるし,いじっぱり,こうげき/とくぼう
216,キリンリキ,ノーマル,エスパー,サイケこうせん,スピードスター,バトンタッチ,こうそくいどう,ヤタピのみ,ひかえめ,とくこう/すばやさ
217,カポエラー,かくとう,,トリプルキック,マッハパンチ,みきり,きあいだめ,チイラのみ,いじっぱり,HP/こうげき
218,ジュペッタ,ゴースト,,かげうち,はたきおとす,おにび,うらみ,チーゴのみ,いじっぱり,HP/こうげき
219,サマヨール,ゴースト,,かげうち,いたみわけ,おにび,あやしいひかり,チーゴのみ,わんぱく,ぼうぎょ/とくぼう
220,テッカニン,むし,ひこう,むしくい,つばめがえし,すなかけ,バトンタッチ,カゴのみ,いじっぱり,HP/こうげき
221,ザングース,ノーマル,,ひっかく,おいうち,みきり,にらみつける,キーのみ,いじっぱり,こうげき/すばやさ
222,ハブネーク,どく,,ポイズンテール,したでなめる,はたきおとす,へびにらみ,ピントレンズ,いじっぱり,HP/こうげき
223,ドードリオ,ノーマル,ひこう,ついばむ,みだれづき,なきごえ,つぼをつく,ナナシのみ,ようき,こうげき/すばやさ
224,サメハダー,みず,あく,みずのはどう,かみつく,こわいかお,きあいだめ,クラボのみ,がんばりや,とくこう/すばやさ
225,バクーダ,ほのお,じめん,マグニチュード,おにび,がんせきふうじ,ドわすれ,きあいのハチマキ,ゆうかん,HP/こうげき
226,トロピウス,くさ,ひこう,はっぱカッター,つばめがえし,やどりぎのタネ,ゆうわく,サンのみ,いじっぱり,HP/こうげき
227,ネオラント,みず,,みずでっぽう,とんぼがえり,ゆうわく,メロメロ,ソクノのみ,てれや,こうげき/とくこう
228,レアコイル,でんき,はがね,でんげきは,マグネットボム,でんじは,ちょうおんぱ,ヤタピのみ,きまぐれ,こうげき/とくこう
229,マンタイン,みず,ひこう,バブルこうせん,つばさでうつ,こうそくいどう,ちょうおんぱ,しんぴのしずく,がんばりや,こうげき/とくこう
230,オドシシ,ノーマル,,ふみつけ,かみつく,ふういん,あやしいひかり,チイラのみ,いじっぱり,こうげき/すばやさ
231,マルノーム,どく,,ヘドロこうげき,たくわえる,のみこむ,はきだす,のんきのおこう,ひかえめ,HP/ぼうぎょ/とくぼう
232,シザリガー,みず,あく,バブルこうせん,あくのはどう,かたくなる,ちょうはつ,キーのみ,ひかえめ,ぼうぎょ/とくこう
233,ピジョット,ノーマル,ひこう,つばさでうつ,からげんき,おいかぜ,すなかけ,クラボのみ,いじっぱり,こうげき/すばやさ
234,ネイティオ,エスパー,ひこう,しねんのずつき,ついばむ,おいかぜ,みらいよち,するどいくちばし,ようき,こうげき/すばやさ
235,コータス,ほのお,,ひのこ,どろかけ,スモッグ,ドわすれ,ヤタピのみ,ずぶとい,ぼうぎょ/とくこう
236,ブーピッグ,エスパー,,サイケこうせん,くさむすび,みらいよち,あやしいひかり,ヤタピのみ,おだやか,とくこう/とくぼう
237,ピクシー,ノーマル,,ゆびをふる,かげぶんしん,リフレクター,このゆびとまれ,カゴのみ,てれや,ぼうぎょ/とくぼう
238,キングラー,みず,,バブルこうせん,はさむ,かたくなる,どろあそび,ソクノのみ,れいせい,ぼうぎょ/とくこう
239,ノクタス,くさ,あく,タネマシンガン,だましうち,まきびし,ねをはる,ヨプのみ,いじっぱり,HP/こうげき
240,キレイハナ,くさ,,マジカルリーフ,ようかいえき,くすぐる,しびれごな,ヤタピのみ,ひかえめ,HP/とくこう
241,オクタン,みず,,オクタンほう,こごえるかぜ,でんじは,きあいだめ,ソクノのみ,ひかえめ,HP/とくこう
242,ハンテール,みず,,みずのはどう,かみつく,いやなおと,あまごい,しんぴのしずく,きまぐれ,こうげき/ぼうぎょ
243,サクラビス,みず,,みずのはどう,ねんりき,あまごい,アクアリング,さざなみのおこう,ずぶとい,HP/ぼうぎょ
244,ジーランス,みず,いわ,みずのはどう,がんせきふうじ,どろあそび,かたくなる,さざなみのおこう,のんき,ぼうぎょ/とくこう
245,エレブー,でんき,,でんげきは,スピードスター,でんじは,ひかりのかべ,サンのみ,おくびょう,とくこう/すばやさ
246,ブーバー,ほのお,,ほのおのパンチ,マッハパンチ,えんまく,おにび,サンのみ,ようき,こうげき/すばやさ
247,オムスター,いわ,みず,みずでっぽう,ころがる,からにこもる,まきびし,メトロノーム,ゆうかん,こうげき/ぼうぎょ
248,カブトプス,いわ,みず,アクアジェット,がんせきふうじ,かたくなる,きんぞくおん,うしおのおこう,わんぱく,こうげき/ぼうぎょ
249,ストライク,むし,ひこう,れんぞくぎり,つばさでうつ,ひかりのかべ,にらみつける,メトロノーム,ようき,HP/すばやさ
250,パルシェン,みず,こおり,オーロラビーム,みずのはどう,まきびし,ちょうおんぱ,とけないこおり,ずぶとい,ぼうぎょ/とくこう
251,フシギソウ,くさ,どく,ギガドレイン,ヘドロばくだん,ねむりごな,やどりぎのタネ,おおきなねっこ,ひかえめ,とくこう/とくぼう
252,リザード,ほのお,,かえんほうしゃ,シャドークロー,つばめがえし,えんまく,するどいツメ,てれや,こうげき/すばやさ
253,カメール,みず,,なみのり,れいとうビーム,かわらわり,ねこだまし,かいがらのすず,まじめ,HP/とくこう
254,ベイリーフ,くさ,,ギガドレイン,のしかかり,くさぶえ,ねむる,カゴのみ,すなお,ぼうぎょ/とくこう/とくぼう
255,マグマラシ,ほのお,,かえんほうしゃ,ブレイククロー,でんこうせっか,えんまく,きあいのハチマキ,まじめ,こうげき/とくこう
256,アリゲイツ,みず,,アクアテール,かみくだく,いわなだれ,こわいかお,きあいのハチマキ,いじっぱり,こうげき/ぼうぎょ
257,ジュプトル,くさ,,リーフブレード,いわなだれ,かみくだく,いやなおと,バコウのみ,いじっぱり,こうげき/すばやさ
258,ワカシャモ,ほのお,かくとう,かえんほうしゃ,スカイアッパー,きりさく,すなかけ,ピントレンズ,すなお,こうげき/とくこう
259,ヌマクロー,みず,じめん,だくりゅう,じしん,げんしのちから,まもる,キーのみ,れいせい,こうげき/とくこう
260,ハヤシガメ,くさ,,タネばくだん,かみくだく,のろい,こうごうせい,オッカのみ,ゆうかん,こうげき/ぼうぎょ
261,モウカザル,ほのお,かくとう,ブレイズキック,かわらわり,いわなだれ,いちゃもん,ピントレンズ,いじっぱり,こうげき/すばやさ
262,ポッタイシ,みず,,なみのり,ドリルくちばし,メタルクロー,あまごい,きあいのハチマキ,てれや,こうげき/とくこう
263,ウソッキー,いわ,,ストーンエッジ,じしん,ものまね,じばく,いのちのたま,いじっぱり,こうげき/ぼうぎょ
264,マグカルゴ,ほのお,いわ,オーバーヒート,いわなだれ,じしん,のしかかり,せんせいのツメ,れいせい,こうげき/とくこう
265,サナギラス,いわ,じめん,じしん,いわなだれ,かみくだく,こわいかお,やわらかいすな,いじっぱり,HP/こうげき
266,トドグラー,こおり,みず,れいとうビーム,なみのり,シグナルビーム,あられ,カゴのみ,れいせい,HP/とくこう
267,ビーダル,ノーマル,みず,ひっさつまえば,いかりのまえば,ついばむ,メロメロ,かいがらのすず,いじっぱり,HP/こうげき
268,ガバイト,ドラゴン,じめん,ドラゴンクロー,じしん,きりさく,すなあらし,ちからのハチマキ,いじっぱり,こうげき/すばやさ
269,ゴーリキー,かくとう,,クロスチョップ,からげんき,いわなだれ,カウンター,ピントレンズ,いじっぱり,HP/こうげき
270,ラッタ,ノーマル,,いかりのまえば,ひっさつまえば,シャドーボール,こわいかお,ヨプのみ,てれや,こうげき/とくこう/すばやさ
271,アメモース,むし,ひこう,むしのさざめき,エアスラッシュ,シャドーボール,しびれごな,ヤタピのみ,れいせい,とくこう/とくぼう
272,オオタチ,ノーマル,,やつあたり,シャドークロー,トリック,ねこのて,こだわりハチマキ,いじっぱり,こうげき/すばやさ
273,ルクシオ,でんき,,１０まんボルト,シグナルビーム,スピードスター,でんじは,ヤタピのみ,ひかえめ,HP/とくこう
274,チェリム,くさ,,ソーラービーム,やどりぎのタネ,にほんばれ,こうごうせい,パワフルハーブ,ひかえめ,HP/とくこう
275,ハクリュー,ドラゴン,,りゅうのはどう,アクアテール,たたきつける,りゅうのまい,ハバンのみ,きまぐれ,こうげき/とくこう
276,グラエナ,あく,,かみくだく,とっしん,ふいうち,とおぼえ,ヨプのみ,いじっぱり,こうげき/ぼうぎょ
277,マッスグマ,ノーマル,,やつあたり,シャドークロー,あなをほる,すりかえ,こだわりスカーフ,ようき,こうげき/すばやさ
278,ユンゲラー,エスパー,,サイコキネシス,シャドーボール,でんげきは,リフレクター,クラボのみ,ひかえめ,とくこう/すばやさ
279,コモルー,ドラゴン,,ドラゴンクロー,かみくだく,りゅうのまい,こわいかお,きあいのハチマキ,いじっぱり,こうげき/ぼうぎょ
280,メタング,はがね,エスパー,コメットパンチ,しねんのずつき,バレットパンチ,こわいかお,シュカのみ,いじっぱり,HP/こうげき
281,ミノマダム,むし,,ギガドレイン,シグナルビーム,サイコキネシス,メロメロ,バコウのみ,ひかえめ,ぼうぎょ/とくこう
282,ガーメイル,むし,くさ,むしのさざめき,エアスラッシュ,サイコキネシス,どくのこな,バコウのみ,ひかえめ,HP/とくこう
283,プクリン,ノーマル,,ハイパーボイス,シャドーボール,うたう,ゆめくい,オボンのみ,ひかえめ,HP/とくこう
284,キマワリ,くさ,,ギガドレイン,ヘドロばくだん,くさぶえ,かげぶんしん,オボンのみ,ひかえめ,HP/とくこう
285,チリーン,エスパー,,サイコキネシス,シャドーボール,さいみんじゅつ,ゆめくい,まがったスプーン,れいせい,HP/とくこう
286,グライガー,じめん,ひこう,じしん,つばめがえし,アクアテール,すなあらし,せんせいのツメ,いじっぱり,こうげき/すばやさ
287,ハリーセン,みず,どく,アクアテール,どくづき,リベンジ,みちづれ,きあいのハチマキ,いじっぱり,こうげき/ぼうぎょ
288,ニューラ,あく,こおり,れいとうパンチ,だましうち,ブレイククロー,うらみ,おうじゃのしるし,ようき,こうげき/すばやさ
289,オオスバメ,ノーマル,ひこう,からげんき,つばめがえし,なきごえ,とんぼがえり,どくどくだま,いじっぱり,こうげき/すばやさ
290,ペリッパー,みず,ひこう,なみのり,エアカッター,れいとうビーム,おいかぜ,かいがらのすず,ひかえめ,ぼうぎょ/とくこう
291,コドラ,はがね,いわ,アイアンヘッド,いわなだれ,じしん,ほえる,オボンのみ,わんぱく,こうげき/ぼうぎょ
292,モンジャラ,くさ,,ギガドレイン,ヘドロばくだん,しぼりとる,ねをはる,モモンのみ,ずぶとい,ぼうぎょ/とくこう
293,ムウマ,ゴースト,,シャドーボール,サイコキネシス,でんじは,あやしいひかり,カシブのみ,ひかえめ,とくこう/すばやさ
294,アーボック,どく,,ヘドロばくだん,どろばくだん,かみくだく,へびにらみ,ウタンのみ,きまぐれ,こうげき/とくこう
295,ペルシアン,ノーマル,,きりさく,シャドークロー,かみつく,ねこだまし,するどいツメ,いじっぱり,こうげき/すばやさ
296,シードラ,みず,,なみのり,れいとうビーム,たつまき,えんまく,かいがらのすず,ひかえめ,ぼうぎょ/とくこう
297,ヤルキモノ,ノーマル,,ブレイククロー,シャドークロー,きしかいせい,こらえる,カムラのみ,いじっぱり,こうげき/すばやさ
298,ルナトーン,いわ,エスパー,サイコキネシス,げんしのちから,シャドーボール,コスモパワー,イトケのみ,ひかえめ,とくこう/とくぼう
299,ソルロック,いわ,エスパー,しねんのずつき,いわなだれ,おにび,コスモパワー,イトケのみ,いじっぱり,こうげき/ぼうぎょ
300,カクレオン,ノーマル,,やつあたり,シャドークロー,つばめがえし,トリック,こだわりスカーフ,しんちょう,こうげき/とくぼう
301,ロトム,でんき,ゴースト,ほうでん,あやしいかぜ,でんじは,かげぶんしん,じしゃく,ひかえめ,とくこう/すばやさ
302,オニドリル,ノーマル,ひこう,ドリルくちばし,やつあたり,だましうち,とんぼがえり,クラボのみ,いじっぱり,こうげき/すばやさ
303,ヨルノズク,ノーマル,ひこう,エアスラッシュ,スピードスター,サイコキネシス,リフレクター,キーのみ,れいせい,HP/とくこう
304,サンドパン,じめん,,じしん,いわなだれ,ブレイククロー,すなあらし,せんせいのツメ,いじっぱり,こうげき/ぼうぎょ
305,モルフォン,むし,どく,むしのさざめき,ヘドロばくだん,サイコキネシス,ちょうおんぱ,ぎんのこな,ひかえめ,とくこう/すばやさ
306,ラッキー,ノーマル,,タマゴばくだん,きあいパンチ,うたう,タマゴうみ,ラッキーパンチ,わんぱく,HP/とくぼう
307,アズマオウ,みず,,アクアテール,どくづき,からげんき,アクアリング,せんせいのツメ,いじっぱり,HP/こうげき
308,ワタッコ,くさ,ひこう,タネばくだん,とびはねる,ねむりごな,こうごうせい,オボンのみ,いじっぱり,こうげき/すばやさ
309,イノムー,こおり,じめん,こおりのキバ,じしん,ストーンエッジ,のろい,ちからのハチマキ,いじっぱり,HP/こうげき
310,ブニャット,ノーマル,,のしかかり,シャドークロー,メロメロ,ねこだまし,チイラのみ,いじっぱり,こうげき/すばやさ
311,マスキッパ,くさ,,タネばくだん,しぼりとる,かみくだく,ねをはる,オッカのみ,いじっぱり,HP/こうげき
312,ゴルバット,どく,ひこう,どくどくのキバ,つばめがえし,しねんのずつき,あやしいひかり,くろいヘドロ,いじっぱり,こうげき/すばやさ
313,オコリザル,かくとう,,クロスチョップ,じしん,いわなだれ,いばる,たつじんのおび,いじっぱり,こうげき/すばやさ
314,サワムラー,かくとう,,とびひざげり,ブレイズキック,メガトンキック,こらえる,カムラのみ,いじっぱり,こうげき/とくぼう/すばやさ
315,エビワラー,かくとう,,スカイアッパー,メガトンパンチ,バレットパンチ,カウンター,おうじゃのしるし,いじっぱり,こうげき/とくぼう/すばやさ
316,キリンリキ,ノーマル,エスパー,しねんのずつき,ダブルアタック,かみくだく,でんじは,するどいツメ,いじっぱり,こうげき/すばやさ
317,カポエラー,かくとう,,トリプルキック,バレットパンチ,つばめがえし,カウンター,ちからのハチマキ,いじっぱり,HP/こうげき
318,ジュペッタ,ゴースト,,シャドークロー,だましうち,おにび,トリックルーム,ナモのみ,いじっぱり,HP/こうげき
319,サマヨール,ゴースト,,シャドーパンチ,しっぺがえし,かわらわり,あやしいひかり,ナモのみ,わんぱく,HP/ぼうぎょ/とくぼう
320,テッカニン,むし,ひこう,シザークロス,つばめがえし,つじぎり,バトンタッチ,するどいキバ,いじっぱり,HP/こうげき
321,ザングース,ノーマル,,ブレイククロー,シャドークロー,つばめがえし,ちょうはつ,するどいツメ,いじっぱり,こうげき/すばやさ
322,ハブネーク,どく,,ヘドロばくだん,かみくだく,アクアテール,いばる,くろいヘドロ,いじっぱり,HP/こうげき
323,ドードリオ,ノーマル,ひこう,ドリルくちばし,やつあたり,だましうち,つぼをつく,おうじゃのしるし,ようき,こうげき/すばやさ
324,サメハダー,みず,あく,かみくだく,たきのぼり,こおりのキバ,いばる,ソクノのみ,いじっぱり,こうげき/すばやさ
325,バクーダ,ほのお,じめん,だいちのちから,ふんか,げんしのちから,すなあらし,せんせいのツメ,ひかえめ,HP/とくこう
326,トロピウス,くさ,ひこう,ギガドレイン,エアスラッシュ,こうごうせい,にほんばれ,オッカのみ,ひかえめ,HP/とくこう
327,ネオラント,みず,,なみのり,ぎんいろのかぜ,メロメロ,アクアリング,かいがらのすず,ひかえめ,とくこう/すばやさ
328,レアコイル,でんき,はがね,１０まんボルト,ミラーショット,でんじは,でんじふゆう,シュカのみ,ひかえめ,ぼうぎょ/とくこう
329,マンタイン,みず,ひこう,なみのり,エアカッター,れいとうビーム,あやしいひかり,かいがらのすず,ひかえめ,とくこう/とくぼう
330,オドシシ,ノーマル,,やつあたり,しねんのずつき,でんじは,あやしいひかり,ヨプのみ,いじっぱり,こうげき/すばやさ
331,マルノーム,どく,,ヘドロばくだん,シャドーボール,ギガドレイン,あくび,くろいヘドロ,ひかえめ,HP/とくこう
332,シザリガー,みず,あく,クラブハンマー,かみくだく,シザークロス,つるぎのまい,せんせいのツメ,いじっぱり,こうげき/ぼうぎょ
333,ピジョット,ノーマル,ひこう,おんがえし,つばめがえし,はがねのつばさ,とんぼがえり,するどいツメ,いじっぱり,こうげき/すばやさ
334,ネイティオ,エスパー,ひこう,サイコキネシス,エアカッター,あやしいかぜ,あやしいひかり,ナモのみ,ひかえめ,とくこう/すばやさ
335,コータス,ほのお,,ねっぷう,ソーラービーム,だいちのちから,にほんばれ,せんせいのツメ,ずぶとい,ぼうぎょ/とくこう
336,ブーピッグ,エスパー,,サイコキネシス,パワージェム,チャージビーム,ミラーコート,ナモのみ,おだやか,とくこう/とくぼう
337,ピクシー,ノーマル,,おんがえし,コメットパンチ,しねんのずつき,うたう,きあいのハチマキ,いじっぱり,HP/こうげき
338,キングラー,みず,,クラブハンマー,ハサミギロチン,じたばた,こらえる,カムラのみ,ようき,こうげき/すばやさ
339,ノクタス,くさ,あく,ギガドレイン,あくのはどう,ようかいえき,わたほうし,かいがらのすず,ひかえめ,HP/とくこう
340,キレイハナ,くさ,,ソーラービーム,ヘドロばくだん,にほんばれ,こうごうせい,ひかりのこな,ひかえめ,HP/とくこう
341,オクタン,みず,,オクタンほう,かえんほうしゃ,サイコキネシス,でんじは,いのちのたま,ひかえめ,HP/とくこう
342,ハンテール,みず,,アクアテール,かみくだく,こおりのキバ,あまごい,かいがらのすず,いじっぱり,こうげき/ぼうぎょ
343,サクラビス,みず,,なみのり,サイコキネシス,れいとうビーム,あまごい,かいがらのすず,ひかえめ,ぼうぎょ/とくこう
344,ジーランス,みず,いわ,アクアテール,いわなだれ,ねむる,あくび,カゴのみ,わんぱく,こうげき/ぼうぎょ
345,エレブー,でんき,,１０まんボルト,サイコキネシス,きあいだま,でんじは,ひかりのこな,ひかえめ,とくこう/すばやさ
346,ブーバー,ほのお,,かえんほうしゃ,サイコキネシス,きあいだま,あやしいひかり,のんきのおこう,ひかえめ,とくこう/すばやさ
347,オムスター,いわ,みず,なみのり,ストーンエッジ,れいとうビーム,どくびし,オボンのみ,ひかえめ,ぼうぎょ/とくこう
348,カブトプス,いわ,みず,たきのぼり,いわなだれ,きりさく,つるぎのまい,するどいツメ,いじっぱり,こうげき/ぼうぎょ
349,ストライク,むし,ひこう,シザークロス,つばめがえし,つじぎり,つるぎのまい,ひかりのこな,いじっぱり,こうげき/すばやさ
350,パルシェン,みず,こおり,ゆきなだれ,ダイビング,どくどく,まもる,たべのこし,わんぱく,こうげき/ぼうぎょ
351,フシギバナ,くさ,どく,リーフストーム,ヘドロばくだん,ドわすれ,ねむりごな,しろいハーブ,ひかえめ,とくこう/とくぼう
352,リザードン,ほのお,ひこう,かえんほうしゃ,エアスラッシュ,えんまく,こわいかお,ヤタピのみ,ひかえめ,とくこう/すばやさ
353,カメックス,みず,,ハイドロポンプ,シグナルビーム,こごえるかぜ,ミラーコート,しんぴのしずく,ひかえめ,ぼうぎょ/とくこう/とくぼう
354,メガニウム,くさ,,ソーラービーム,げんしのちから,こうごうせい,にほんばれ,あついいわ,ひかえめ,ぼうぎょ/とくぼう
355,バクフーン,ほのお,,ほのおのパンチ,かみなりパンチ,シャドークロー,でんこうせっか,ピントレンズ,いじっぱり,こうげき/すばやさ
356,オーダイル,みず,,たきのぼり,こおりのキバ,いわなだれ,こわいかお,おうじゃのしるし,いじっぱり,こうげき/ぼうぎょ
357,ジュカイン,くさ,,リーフブレード,かみくだく,でんこうせっか,いやなおと,チイラのみ,ようき,こうげき/すばやさ
358,バシャーモ,ほのお,かくとう,ブレイズキック,きしかいせい,つばめがえし,こらえる,カムラのみ,いじっぱり,こうげき/すばやさ
359,ラグラージ,みず,じめん,たきのぼり,じしん,れいとうパンチ,まもる,かいがらのすず,いじっぱり,HP/こうげき
360,ドダイトス,くさ,じめん,じしん,くさむすび,いわなだれ,のろい,ヤチェのみ,いじっぱり,HP/こうげき
361,ゴウカザル,ほのお,かくとう,インファイト,ほのおのパンチ,とんぼがえり,ねこだまし,バコウのみ,ようき,こうげき/すばやさ
362,エンペルト,みず,はがね,たきのぼり,メタルクロー,かわらわり,はたきおとす,するどいツメ,いじっぱり,こうげき/とくぼう
363,ダグトリオ,じめん,,じしん,いわなだれ,おどろかす,すなじごく,ねばりのかぎづめ,ようき,こうげき/すばやさ
364,ガラガラ,じめん,,ボーンラッシュ,かわらわり,アイアンテール,すなあらし,するどいツメ,いじっぱり,こうげき/ぼうぎょ
365,チャーレム,かくとう,エスパー,しねんのずつき,きしかいせい,こらえる,ねこだまし,カムラのみ,ようき,こうげき/すばやさ
366,ヌオー,みず,じめん,じしん,アクアテール,かわらわり,カウンター,リンドのみ,いじっぱり,HP/こうげき
367,グランブル,ノーマル,,おんがえし,いわなだれ,かみくだく,でんじは,するどいツメ,いじっぱり,HP/こうげき
368,ルージュラ,こおり,エスパー,サイコキネシス,れいとうビーム,あくまのキッス,うそなき,カゴのみ,おだやか,とくこう/とくぼう
369,バリヤード,エスパー,,サイコキネシス,シグナルビーム,まねっこ,ものまね,クラボのみ,おだやか,とくこう/とくぼう
370,ランターン,みず,でんき,なみのり,ほうでん,でんじは,アクアリング,リンドのみ,ひかえめ,HP/とくこう
371,キノガッサ,くさ,かくとう,タネばくだん,スカイアッパー,いわなだれ,カウンター,きあいのタスキ,わんぱく,こうげき/ぼうぎょ
372,フォレトス,むし,はがね,ジャイロボール,むしくい,リベンジ,カウンター,オッカのみ,ゆうかん,こうげき/ぼうぎょ
373,エアームド,はがね,ひこう,ドリルくちばし,はがねのつばさ,まきびし,ほえる,オッカのみ,わんぱく,こうげき/ぼうぎょ
374,アブソル,あく,,ふいうち,からげんき,かげぶんしん,ちょうはつ,ヨプのみ,ようき,こうげき/すばやさ
375,ナマズン,みず,じめん,なみのり,だいちのちから,こごえるかぜ,ドわすれ,かいがらのすず,ひかえめ,HP/とくこう
376,ハリテヤマ,かくとう,,つっぱり,じしん,からげんき,ねこだまし,キーのみ,いじっぱり,HP/こうげき
377,ビークイン,むし,ひこう,ぎんいろのかぜ,エアカッター,あやしいかぜ,いばる,ピントレンズ,ひかえめ,ぼうぎょ/とくぼう
378,ライチュウ,でんき,,かみなりパンチ,アイアンテール,たたきつける,でんこうせっか,こうかくレンズ,いじっぱり,こうげき/すばやさ
379,ジュゴン,みず,こおり,たきのぼり,ゆきなだれ,ずつき,ねこだまし,するどいキバ,しんちょう,こうげき/とくぼう
380,ライボルト,でんき,,かみなりのキバ,かみくだく,ほえる,でんじは,シュカのみ,いじっぱり,こうげき/すばやさ
381,ムクホーク,ノーマル,ひこう,おんがえし,つばめがえし,かげぶんしん,はねやすめ,おうじゃのしるし,ようき,こうげき/すばやさ
382,トリトドン,みず,じめん,たきのぼり,じしん,じこさいせい,ミラーコート,きあいのタスキ,しんちょう,HP/とくぼう
383,スカタンク,どく,あく,ふいうち,どくづき,きりさく,いやなおと,するどいツメ,いじっぱり,HP/こうげき
384,ラフレシア,くさ,どく,ギガドレイン,ヘドロばくだん,ねむりごな,ねをはる,おおきなねっこ,ひかえめ,ぼうぎょ/とくこう
385,ウツボット,くさ,どく,リーフストーム,ヘドロばくだん,ねむりごな,いえき,ウタンのみ,ひかえめ,HP/とくこう
386,マルマイン,でんき,,１０まんボルト,スピードスター,でんじは,ひかりのかべ,カゴのみ,ひかえめ,とくこう/すばやさ
387,ルンパッパ,みず,くさ,たきのぼり,はっぱカッター,ドレインパンチ,つるぎのまい,ちからのハチマキ,いじっぱり,こうげき/とくぼう
388,ダーテング,くさ,あく,タネばくだん,だましうち,シザークロス,ねこだまし,キーのみ,ようき,こうげき/すばやさ
389,バクオング,ノーマル,,ハイパーボイス,じんつうりき,みずのはどう,いちゃもん,ヨプのみ,ひかえめ,HP/とくこう
390,オニゴーリ,こおり,,ゆきなだれ,しっぺがえし,ジャイロボール,こおりのつぶて,くろいてっきゅう,ゆうかん,HP/ぼうぎょ/とくぼう
391,ミミロップ,ノーマル,,おんがえし,ドレインパンチ,あまえる,ミラーコート,きあいのハチマキ,ようき,こうげき/すばやさ
392,ユキメノコ,こおり,ゴースト,れいとうビーム,あやしいかぜ,あやしいひかり,メロメロ,クラボのみ,おくびょう,とくこう/すばやさ
393,エテボース,ノーマル,,ダブルアタック,シャドークロー,かわらわり,はたきおとす,ちからのハチマキ,ようき,こうげき/すばやさ
394,スリーパー,エスパー,,サイコカッター,なげつける,さいみんじゅつ,トリックルーム,くろいてっきゅう,ゆうかん,こうげき/とくぼう
395,ゴローニャ,いわ,じめん,じしん,いわなだれ,ふいうち,すなあらし,きあいのハチマキ,わんぱく,こうげき/ぼうぎょ
396,サイドン,じめん,いわ,じしん,いわなだれ,かみくだく,こわいかお,イトケのみ,いじっぱり,こうげき/ぼうぎょ
397,ヤドラン,みず,エスパー,サイコキネシス,なみのり,めいそう,あくび,カゴのみ,ずぶとい,ぼうぎょ/とくこう
398,マタドガス,どく,,ヘドロばくだん,あくのはどう,でんげきは,おんねん,ウタンのみ,ずぶとい,ぼうぎょ/とくこう
399,ガルーラ,ノーマル,,すてみタックル,かみくだく,きしかいせい,こらえる,カムラのみ,ようき,こうげき/すばやさ
400,ケンタロス,ノーマル,,あばれる,しねんのずつき,おいうち,こわいかお,キーのみ,ようき,こうげき/すばやさ
401,フーディン,エスパー,,サイコキネシス,シャドーボール,めいそう,みらいよち,ひかりのこな,おくびょう,とくこう/すばやさ
402,ヤドキング,みず,エスパー,サイコキネシス,しおみず,あくび,トリックルーム,かいがらのすず,れいせい,HP/ぼうぎょ/とくぼう
403,ミルタンク,ノーマル,,おんがえし,アイアンヘッド,でんじは,ミルクのみ,クラボのみ,わんぱく,こうげき/ぼうぎょ
404,チルタリス,ドラゴン,ひこう,ドラゴンクロー,つばめがえし,りゅうのまい,ねむる,カゴのみ,しんちょう,こうげき/とくぼう
405,ドクロッグ,どく,かくとう,どくづき,かわらわり,シザークロス,はたきおとす,くろいヘドロ,いじっぱり,こうげき/すばやさ
406,ユキノオー,くさ,こおり,ギガドレイン,れいとうビーム,みずのはどう,くさぶえ,ラムのみ,おだやか,HP/とくこう
407,ニドクイン,どく,じめん,じしん,どくどくのキバ,つばめがえし,あまえる,ウタンのみ,いじっぱり,HP/こうげき
408,ニドキング,どく,じめん,じしん,どくづき,にどげり,カウンター,きあいのハチマキ,わんぱく,HP/こうげき
409,ユレイドル,いわ,くさ,げんしのちから,エナジーボール,あやしいひかり,すなあらし,するどいツメ,わんぱく,HP/ぼうぎょ/とくぼう
410,アーマルド,いわ,むし,シザークロス,いわなだれ,じしん,てっぺき,するどいツメ,いじっぱり,こうげき/とくぼう
411,トリデプス,いわ,はがね,アイアンヘッド,ストーンエッジ,いばる,ちょうはつ,きあいのハチマキ,わんぱく,ぼうぎょ/とくぼう
412,フローゼル,みず,,たきのぼり,れいとうパンチ,でんこうせっか,あまごい,オボンのみ,ようき,こうげき/すばやさ
413,ムウマージ,ゴースト,,シャドーボール,パワージェム,マジカルリーフ,おきみやげ,カシブのみ,ひかえめ,とくこう/すばやさ
414,フワライド,ゴースト,ひこう,あやしいかぜ,エアカッター,バトンタッチ,こらえる,カムラのみ,ひかえめ,HP/とくこう
415,ゴルダック,みず,,なみのり,サイコキネシス,あやしいひかり,めいそう,リンドのみ,ひかえめ,HP/とくこう
416,ニョロボン,みず,かくとう,なみのり,しんくうは,サイコキネシス,かげぶんしん,リンドのみ,ひかえめ,HP/とくこう
417,ギャロップ,ほのお,,だいもんじ,ソーラービーム,にほんばれ,ねむる,カゴのみ,ひかえめ,とくこう/すばやさ
418,ベトベトン,どく,,どくづき,かげうち,ちいさくなる,とける,くろいヘドロ,いじっぱり,HP/こうげき
419,ゲンガー,ゴースト,どく,シャドーボール,ヘドロばくだん,うらみ,あやしいひかり,ウタンのみ,おくびょう,とくこう/すばやさ
420,デンリュウ,でんき,,１０まんボルト,パワージェム,ひかりのかべ,でんじは,シュカのみ,ひかえめ,とくこう/とくぼう
421,ニョロトノ,みず,,なみのり,ハイパーボイス,どろばくだん,いばる,のんきのおこう,おだやか,とくこう/とくぼう
422,カイロス,むし,,シザークロス,じしん,いわなだれ,つるぎのまい,バコウのみ,いじっぱり,こうげき/ぼうぎょ
423,ハッサム,むし,はがね,シザークロス,バレットパンチ,つるぎのまい,バトンタッチ,ひかりのこな,わんぱく,こうげき/ぼうぎょ
424,ヘラクロス,むし,かくとう,メガホーン,きあいパンチ,いばる,メロメロ,きあいのハチマキ,ようき,こうげき/すばやさ
425,リングマ,ノーマル,,きりさく,しっぺがえし,ゆきなだれ,カウンター,きあいのタスキ,ゆうかん,HP/こうげき
426,ヘルガー,あく,ほのお,ほのおのキバ,かみくだく,ほえる,カウンター,きあいのタスキ,ようき,こうげき/すばやさ
427,ドンファン,じめん,,じしん,いわなだれ,どくづき,すなあらし,するどいツメ,わんぱく,こうげき/ぼうぎょ
428,ホエルオー,みず,,なみのり,れいとうビーム,メロメロ,かげぶんしん,オボンのみ,ひかえめ,HP/とくこう
429,ネンドール,じめん,エスパー,じしん,しねんのずつき,くさむすび,トリックルーム,カシブのみ,ゆうかん,ぼうぎょ/とくぼう
430,ラムパルド,いわ,,いわなだれ,からげんき,かみくだく,いやなおと,どくどくだま,いじっぱり,HP/こうげき
431,ドータクン,はがね,エスパー,じんつうりき,アイアンヘッド,いわなだれ,トリックルーム,おうじゃのしるし,わんぱく,ぼうぎょ/とくぼう
432,ドラピオン,どく,あく,どくづき,かみくだく,アクアテール,つぼをつく,ラムのみ,いじっぱり,こうげき/ぼうぎょ
433,レントラー,でんき,,かみなりのキバ,かみくだく,とおぼえ,じゅうでん,するどいツメ,いじっぱり,HP/こうげき
434,キュウコン,ほのお,,だいもんじ,ソーラービーム,メロメロ,にほんばれ,ひかりのこな,おくびょう,とくこう/すばやさ
435,カイリキー,かくとう,,クロスチョップ,じしん,バレットパンチ,みやぶる,ピントレンズ,いじっぱり,HP/こうげき
436,ツボツボ,むし,いわ,ストーンエッジ,むしくい,いばる,パワートリック,のんきのおこう,わんぱく,HP/ぼうぎょ/とくぼう
437,ロズレイド,くさ,どく,ヘドロばくだん,マジカルリーフ,しびれごな,どろかけ,バコウのみ,おだやか,とくこう/とくぼう
438,ドンカラス,あく,ひこう,つじぎり,つばめがえし,いちゃもん,ちょうはつ,ソクノのみ,いじっぱり,HP/こうげき
439,ハガネール,はがね,じめん,じしん,アイアンヘッド,かみくだく,すなあらし,イトケのみ,わんぱく,こうげき/ぼうぎょ
440,マニューラ,あく,こおり,つじぎり,れいとうパンチ,いやなおと,ねこだまし,ヨプのみ,いじっぱり,こうげき/すばやさ
441,グライオン,じめん,ひこう,じしん,つばめがえし,つるぎのまい,バトンタッチ,ヤチェのみ,いじっぱり,こうげき/ぼうぎょ
442,ドククラゲ,みず,どく,なみのり,ヘドロばくだん,こごえるかぜ,バリアー,ソクノのみ,おくびょう,とくこう/すばやさ
443,プテラ,いわ,ひこう,いわなだれ,つばめがえし,いちゃもん,ちょうはつ,おうじゃのしるし,ようき,こうげき/すばやさ
444,ポリゴン２,ノーマル,,トライアタック,チャージビーム,でんじは,リサイクル,クラボのみ,ひかえめ,HP/とくこう
445,ベロベルト,ノーマル,,おんがえし,じしん,はらだいこ,ねむる,カゴのみ,しんちょう,HP/こうげき
446,メガヤンマ,むし,ひこう,シグナルビーム,エアカッター,みきり,かげぶんしん,バコウのみ,おくびょう,とくこう/すばやさ
447,サーナイト,エスパー,,サイコキネシス,シャドーボール,でんじは,あやしいひかり,ラムのみ,おだやか,とくこう/とくぼう
448,エルレイド,エスパー,かくとう,しねんのずつき,かわらわり,でんじは,あやしいひかり,カシブのみ,しんちょう,こうげき/とくぼう
449,ナッシー,くさ,エスパー,ソーラービーム,サイコキネシス,こうごうせい,にほんばれ,ひかりのこな,ひかえめ,HP/とくこう
450,スターミー,みず,エスパー,なみのり,サイコキネシス,あやしいひかり,でんじは,ラムのみ,おくびょう,とくこう/すばやさ
451,フライゴン,じめん,ドラゴン,じしん,ドラゴンクロー,はねやすめ,すなあらし,ヤチェのみ,いじっぱり,こうげき/すばやさ
452,シャワーズ,みず,,なみのり,れいとうビーム,とける,バトンタッチ,ひかりのこな,ひかえめ,HP/とくこう
453,サンダース,でんき,,１０まんボルト,でんじは,こうそくいどう,バトンタッチ,きあいのタスキ,おくびょう,とくこう/すばやさ
454,ブースター,ほのお,,ほのおのキバ,ばかぢから,のろい,バトンタッチ,せんせいのツメ,いじっぱり,こうげき/とくぼう
455,エーフィ,エスパー,,サイコキネシス,リフレクター,めいそう,バトンタッチ,ラムのみ,おくびょう,とくこう/すばやさ
456,ブラッキー,あく,,しっぺがえし,あやしいひかり,のろい,バトンタッチ,たべのこし,しんちょう,ぼうぎょ/とくぼう
457,リーフィア,くさ,,リーフブレード,つばめがえし,かげぶんしん,バトンタッチ,ピントレンズ,ようき,こうげき/すばやさ
458,グレイシア,こおり,,れいとうビーム,みずのはどう,かげぶんしん,バトンタッチ,のんきのおこう,おだやか,とくこう/とくぼう
459,ルカリオ,かくとう,はがね,はどうだん,ラスターカノン,みずのはどう,ほえる,ひかりのこな,ひかえめ,とくこう/すばやさ
460,カバルドン,じめん,,じしん,かみくだく,なまける,のろい,キーのみ,わんぱく,こうげき/ぼうぎょ
461,ダイノーズ,いわ,はがね,げんしのちから,マグネットボム,でんじは,まもる,クラボのみ,ゆうかん,こうげき/とくこう
462,ヨノワール,ゴースト,,シャドーパンチ,なげつける,おにび,トリックルーム,くろいてっきゅう,ゆうかん,こうげき/ぼうぎょ
463,ボスゴドラ,はがね,いわ,アイアンヘッド,いわなだれ,すなあらし,いやなおと,せんせいのツメ,いじっぱり,こうげき/ぼうぎょ
464,トドゼルガ,こおり,みず,こおりのキバ,アクアテール,いばる,アンコール,ヨプのみ,いじっぱり,HP/こうげき
465,マンムー,こおり,じめん,じしん,こおりのキバ,つつく,あられ,つめたいいわ,いじっぱり,HP/こうげき
466,ラプラス,みず,こおり,アクアテール,ゆきなだれ,こおりのつぶて,のろい,たべのこし,いじっぱり,HP/こうげき
467,クロバット,どく,ひこう,クロスポイズン,つばめがえし,はねやすめ,さいみんじゅつ,ウタンのみ,ようき,こうげき/すばやさ
468,ジバコイル,でんき,はがね,１０まんボルト,ミラーショット,ひかりのかべ,リフレクター,ひかりのねんど,ずぶとい,ぼうぎょ/とくこう
469,ドサイドン,じめん,いわ,がんせきほう,じしん,かみくだく,ほえる,きあいのハチマキ,いじっぱり,こうげき/ぼうぎょ
470,モジャンボ,くさ,,エナジーボール,ヘドロばくだん,きあいだま,ねむりごな,バコウのみ,ひかえめ,ぼうぎょ/とくこう
471,ポリゴンＺ,ノーマル,,トライアタック,シャドーボール,リサイクル,テクスチャー２,オボンのみ,ひかえめ,HP/とくこう
472,ギャラドス,みず,ひこう,アクアテール,こおりのキバ,かみつく,あまごい,するどいキバ,しんちょう,こうげき/とくぼう
473,カビゴン,ノーマル,,おんがえし,いわなだれ,のろい,あくび,たべのこし,いじっぱり,HP/こうげき
474,キングドラ,みず,ドラゴン,なみのり,りゅうのはどう,えんまく,あまごい,するどいキバ,おくびょう,とくこう/すばやさ
475,ハピナス,ノーマル,,はかいこうせん,シャドーボール,みずのはどう,うたう,ヨプのみ,ひかえめ,HP/とくこう
476,ミロカロス,みず,,なみのり,れいとうビーム,メロメロ,さいみんじゅつ,かいがらのすず,ひかえめ,HP/とくこう
477,エレキブル,でんき,,かみなりパンチ,クロスチョップ,でんじは,いやなおと,ピントレンズ,ようき,こうげき/すばやさ
478,ブーバーン,ほのお,,だいもんじ,きあいだま,おにび,にほんばれ,あついいわ,ひかえめ,とくこう/すばやさ
479,トゲキッス,ノーマル,ひこう,ゴッドバード,しんそく,ドレインパンチ,はねやすめ,パワフルハーブ,いじっぱり,こうげき/とくぼう
480,ウインディ,ほのお,,ほのおのキバ,しんそく,かみくだく,おにび,ラムのみ,ようき,こうげき/すばやさ
481,カイリュー,ドラゴン,ひこう,ドラゴンクロー,つばめがえし,でんじは,りゅうのまい,ラムのみ,いじっぱり,こうげき/とくぼう
482,バンギラス,いわ,あく,いわなだれ,しっぺがえし,ゆきなだれ,のろい,きあいのハチマキ,ゆうかん,こうげき/とくぼう
483,ボーマンダ,ドラゴン,ひこう,ドラゴンクロー,つばめがえし,アクアテール,こわいかお,クラボのみ,いじっぱり,こうげき/すばやさ
484,メタグロス,はがね,エスパー,しねんのずつき,バレットパンチ,からげんき,ひかりのかべ,ひかりのこな,いじっぱり,こうげき/ぼうぎょ
485,ガブリアス,ドラゴン,じめん,ドラゴンクロー,じしん,かげぶんしん,すなあらし,ひかりのこな,ようき,こうげき/すばやさ
486,ケッキング,ノーマル,,からげんき,シャドークロー,なまける,あくび,のんきのおこう,わんぱく,HP/ぼうぎょ
487,フシギバナ,くさ,どく,ギガドレイン,ねをはる,やどりぎのタネ,ねむりごな,おおきなねっこ,ずぶとい,HP/ぼうぎょ/とくぼう
488,リザードン,ほのお,ひこう,オーバーヒート,ソーラービーム,おにび,にほんばれ,しろいハーブ,ひかえめ,とくこう/すばやさ
489,カメックス,みず,,たきのぼり,きあいパンチ,かげぶんしん,アクアリング,かいがらのすず,いじっぱり,HP/こうげき
490,メガニウム,くさ,,ギガドレイン,やどりぎのタネ,どくどく,みがわり,おおきなねっこ,おだやか,HP/ぼうぎょ/とくぼう
491,バクフーン,ほのお,,ブラストバーン,じしん,きしかいせい,こらえる,カムラのみ,まじめ,こうげき/とくこう
492,オーダイル,みず,,アクアテール,ばかぢから,ドラゴンクロー,シャドークロー,しろいハーブ,いじっぱり,こうげき/ぼうぎょ
493,ジュカイン,くさ,,ギガドレイン,やどりぎのタネ,どくどく,かげぶんしん,たべのこし,おくびょう,とくこう/すばやさ
494,バシャーモ,ほのお,かくとう,ブラストバーン,きあいだま,ソーラービーム,にほんばれ,ひかりのこな,おくびょう,とくこう/すばやさ
495,ラグラージ,みず,じめん,アクアテール,じしん,アームハンマー,のろい,ラムのみ,いじっぱり,HP/こうげき
496,ドダイトス,くさ,じめん,ギガドレイン,やどりぎのタネ,こうごうせい,ドわすれ,たべのこし,なまいき,HP/ぼうぎょ/とくぼう
497,ゴウカザル,ほのお,かくとう,ブレイズキック,シャドークロー,かみなりパンチ,ダストシュート,ちからのハチマキ,いじっぱり,こうげき/すばやさ
498,エンペルト,みず,はがね,ドリルくちばし,アクアジェット,シャドークロー,いわなだれ,するどいツメ,いじっぱり,こうげき/とくぼう
499,ダグトリオ,じめん,,だいちのちから,ヘドロばくだん,トライアタック,すなあらし,のんきのおこう,ひかえめ,とくこう/すばやさ
500,ガラガラ,じめん,,ボーンラッシュ,ほのおのパンチ,かみなりパンチ,いわなだれ,ふといホネ,いじっぱり,こうげき/ぼうぎょ
501,チャーレム,かくとう,エスパー,ドレインパンチ,どくづき,みきり,じこさいせい,クラボのみ,ようき,こうげき/すばやさ
502,ヌオー,みず,じめん,ダイビング,あくび,のろい,ドわすれ,たべのこし,しんちょう,HP/ぼうぎょ/とくぼう
503,グランブル,ノーマル,,からげんき,ほのおのキバ,かみなりのキバ,こおりのキバ,せんせいのツメ,いじっぱり,HP/こうげき
504,ルージュラ,こおり,エスパー,ゆめくい,あくまのキッス,ほろびのうた,くろいまなざし,のんきのおこう,おだやか,とくこう/とくぼう
505,バリヤード,エスパー,,ゆめくい,さいみんじゅつ,ひかりのかべ,リフレクター,ひかりのねんど,おだやか,とくこう/とくぼう
506,ランターン,みず,でんき,ダイビング,あやしいひかり,でんじは,メロメロ,ラムのみ,おだやか,HP/とくぼう
507,キノガッサ,くさ,かくとう,ドレインパンチ,ギガドレイン,こうごうせい,やどりぎのタネ,おおきなねっこ,ゆうかん,こうげき/とくこう
508,フォレトス,むし,はがね,しっぺがえし,ステルスロック,どくびし,まきびし,オボンのみ,ゆうかん,こうげき/ぼうぎょ
509,エアームド,はがね,ひこう,そらをとぶ,どくどく,かげぶんしん,はねやすめ,たべのこし,しんちょう,HP/ぼうぎょ/とくぼう
510,アブソル,あく,,おしおき,いばる,メロメロ,でんじは,せんせいのツメ,いじっぱり,HP/こうげき
511,ナマズン,みず,じめん,アクアテール,じしん,いわなだれ,あばれる,キーのみ,いじっぱり,HP/こうげき
512,ハリテヤマ,かくとう,,リベンジ,しっぺがえし,なげつける,ねこだまし,くろいてっきゅう,いじっぱり,HP/こうげき
513,ビークイン,むし,ひこう,シザークロス,どくどく,かいふくしれい,みちづれ,キーのみ,しんちょう,HP/ぼうぎょ/とくぼう
514,ライチュウ,でんき,,かみなりパンチ,きあいパンチ,てんしのキッス,でんじは,きあいのハチマキ,ようき,こうげき/すばやさ
515,ジュゴン,みず,こおり,れいとうビーム,シグナルビーム,アンコール,かなしばり,ソクノのみ,おだやか,とくこう/とくぼう
516,ライボルト,でんき,,かみなり,はかいこうせん,でんじは,あまごい,しめったいわ,ひかえめ,とくこう/すばやさ
517,ムクホーク,ノーマル,ひこう,がむしゃら,つばめがえし,こらえる,でんこうせっか,おうじゃのしるし,ようき,こうげき/すばやさ
518,トリトドン,みず,じめん,だくりゅう,どろばくだん,じこさいせい,あくび,フォーカスレンズ,なまいき,とくこう/とくぼう
519,スカタンク,どく,あく,かみくだく,どくどく,いばる,かげぶんしん,カゴのみ,ようき,HP/すばやさ
520,ラフレシア,くさ,どく,どくどく,くさむすび,かげぶんしん,メロメロ,くろいヘドロ,ずぶとい,HP/ぼうぎょ/とくぼう
521,ウツボット,くさ,どく,タネばくだん,はきだす,のみこむ,たくわえる,くろいヘドロ,いじっぱり,HP/こうげき
522,マルマイン,でんき,,チャージビーム,でんじは,フラッシュ,いばる,ひかりのこな,おくびょう,とくこう/すばやさ
523,ルンパッパ,みず,くさ,やどりぎのタネ,どくどく,かげぶんしん,あまごい,たべのこし,わんぱく,HP/ぼうぎょ/とくぼう
524,ダーテング,くさ,あく,ギガドレイン,やどりぎのタネ,かげぶんしん,こうごうせい,たべのこし,おだやか,HP/ぼうぎょ/とくぼう
525,バクオング,ノーマル,,からげんき,ほのおのパンチ,かみなりパンチ,れいとうパンチ,いのちのたま,いじっぱり,HP/こうげき
526,オニゴーリ,こおり,,こおりのキバ,かみくだく,じしん,だいばくはつ,ラムのみ,いじっぱり,HP/こうげき
527,ミミロップ,ノーマル,,きあいパンチ,てんしのキッス,メロメロ,でんじは,ひかりのこな,ようき,HP/すばやさ
528,ユキメノコ,こおり,ゴースト,れいとうパンチ,ふいうち,いばる,じこあんじ,きあいのハチマキ,いじっぱり,こうげき/すばやさ
529,エテボース,ノーマル,,とっておき,でんじは,まもる,ねこだまし,メトロノーム,ようき,こうげき/すばやさ
530,スリーパー,エスパー,,ゆめくい,あくむ,ドレインパンチ,さいみんじゅつ,キーのみ,がんばりや,とくこう/とくぼう
531,ゴローニャ,いわ,じめん,じしん,ばかぢから,ほのおのパンチ,かみなりパンチ,しろいハーブ,いじっぱり,こうげき/ぼうぎょ
532,サイドン,じめん,いわ,じしん,ほのおのパンチ,かみなりパンチ,れいとうパンチ,きあいのタスキ,いじっぱり,こうげき/ぼうぎょ
533,ヤドラン,みず,エスパー,しねんのずつき,アクアテール,じしん,ゆきなだれ,たつじんのおび,いじっぱり,HP/こうげき
534,マタドガス,どく,,ダブルアタック,しっぺがえし,どくどく,いばる,オボンのみ,いじっぱり,こうげき/ぼうぎょ
535,ガルーラ,ノーマル,,ピヨピヨパンチ,ほのおのパンチ,かみなりパンチ,れいとうパンチ,するどいツメ,いじっぱり,HP/こうげき
536,ケンタロス,ノーマル,,からげんき,じしん,いわなだれ,しっぺがえし,いのちのたま,いじっぱり,こうげき/すばやさ
537,フーディン,エスパー,,サイコキネシス,きあいだま,チャージビーム,じこさいせい,ナモのみ,ひかえめ,とくこう/すばやさ
538,ヤドキング,みず,エスパー,しねんのずつき,アクアテール,じしん,のろい,せんせいのツメ,いじっぱり,HP/こうげき
539,ミルタンク,ノーマル,,からげんき,しねんのずつき,きしかいせい,こらえる,カムラのみ,いじっぱり,こうげき/すばやさ
540,チルタリス,ドラゴン,ひこう,りゅうのはどう,あやしいかぜ,うたう,ほろびのうた,かいがらのすず,ひかえめ,とくこう/とくぼう
541,ドクロッグ,どく,かくとう,ばくれつパンチ,どくづき,かみなりパンチ,れいとうパンチ,こうかくレンズ,いじっぱり,こうげき/すばやさ
542,ユキノオー,くさ,こおり,ギガドレイン,ぜったいれいど,ねをはる,やどりぎのタネ,おおきなねっこ,ずぶとい,HP/ぼうぎょ/とくぼう
543,ニドクイン,どく,じめん,どくづき,ほのおのパンチ,かみなりパンチ,れいとうパンチ,ピントレンズ,いじっぱり,HP/こうげき
544,ニドキング,どく,じめん,きあいパンチ,りゅうのはどう,つのドリル,みがわり,ひかりのこな,しんちょう,HP/ぼうぎょ/とくぼう
545,ユレイドル,いわ,くさ,どくどく,たくわえる,かげぶんしん,ねをはる,たべのこし,わんぱく,HP/ぼうぎょ/とくぼう
546,アーマルド,いわ,むし,ブレイククロー,アクアテール,つばめがえし,いばる,ピントレンズ,いじっぱり,こうげき/とくぼう
547,トリデプス,いわ,はがね,げんしのちから,かえんほうしゃ,１０まんボルト,れいとうビーム,キーのみ,ひかえめ,HP/とくこう
548,フローゼル,みず,,たきのぼり,きあいパンチ,かげぶんしん,メロメロ,カゴのみ,ようき,こうげき/すばやさ
549,ムウマージ,ゴースト,,シャドーボール,あやしいひかり,ほろびのうた,くろいまなざし,ラムのみ,ひかえめ,とくこう/とくぼう
550,フワライド,ゴースト,ひこう,しっぺがえし,からげんき,おにび,トリック,くろいヘドロ,いじっぱり,HP/こうげき
551,ゴルダック,みず,,たきのぼり,どろばくだん,シャドークロー,つばめがえし,かいがらのすず,いじっぱり,こうげき/すばやさ
552,ニョロボン,みず,かくとう,たきのぼり,ばくれつパンチ,どくづき,ビルドアップ,のんきのおこう,いじっぱり,HP/こうげき
553,ギャロップ,ほのお,,オーバーヒート,ソーラービーム,スピードスター,にほんばれ,しろいハーブ,ひかえめ,とくこう/すばやさ
554,ベトベトン,どく,,どくづき,ほのおのパンチ,かみなりパンチ,れいとうパンチ,たつじんのおび,いじっぱり,HP/こうげき
555,ゲンガー,ゴースト,どく,シャドーボール,ゆめくい,さいみんじゅつ,みがわり,いのちのたま,ひかえめ,とくこう/すばやさ
556,デンリュウ,でんき,,かみなりパンチ,ほのおのパンチ,きあいパンチ,でんじは,クラボのみ,しんちょう,こうげき/とくぼう
557,ニョロトノ,みず,,ダイビング,かわらわり,さいみんじゅつ,ほろびのうた,カゴのみ,わんぱく,HP/こうげき
558,カイロス,むし,,シザークロス,リベンジ,じたばた,こらえる,カムラのみ,ようき,こうげき/すばやさ
559,ハッサム,むし,はがね,メタルクロー,つじぎり,てっぺき,はねやすめ,オボンのみ,しんちょう,こうげき/とくぼう
560,ヘラクロス,むし,かくとう,インファイト,つばめがえし,つじぎり,ビルドアップ,ピントレンズ,いじっぱり,こうげき/とくぼう
561,リングマ,ノーマル,,アームハンマー,ほのおのパンチ,かみなりパンチ,れいとうパンチ,いのちのたま,いじっぱり,HP/こうげき
562,ヘルガー,あく,ほのお,ほのおのキバ,かみなりのキバ,きしかいせい,こらえる,きあいのタスキ,ようき,こうげき/すばやさ
563,ドンファン,じめん,,じしん,ばかぢから,ダストシュート,カウンター,しろいハーブ,いじっぱり,こうげき/ぼうぎょ
564,ホエルオー,みず,,うずしお,どくどく,ドわすれ,ねむる,カゴのみ,わんぱく,HP/ぼうぎょ/とくぼう
565,ネンドール,じめん,エスパー,だいちのちから,げんしのちから,シグナルビーム,シャドーボール,リンドのみ,ひかえめ,ぼうぎょ/とくこう
566,ラムパルド,いわ,,ストーンエッジ,しっぺがえし,ゆきなだれ,なげつける,くろいてっきゅう,ゆうかん,HP/こうげき
567,ドータクン,はがね,エスパー,ゆめくい,さいみんじゅつ,シグナルビーム,トリックルーム,ラムのみ,おだやか,ぼうぎょ/とくぼう
568,ドラピオン,どく,あく,しっぺがえし,どくづき,なげつける,はたきおとす,くろいてっきゅう,いじっぱり,こうげき/ぼうぎょ
569,レントラー,でんき,,１０まんボルト,シグナルビーム,でんじは,でんじふゆう,ものしりメガネ,ひかえめ,HP/とくこう
570,キュウコン,ほのお,,オーバーヒート,あくのはどう,わるだくみ,あやしいひかり,しろいハーブ,おくびょう,とくこう/すばやさ
571,カイリキー,かくとう,,リベンジ,じしん,しっぺがえし,カウンター,きあいのタスキ,いじっぱり,ぼうぎょ/とくぼう
572,ツボツボ,むし,いわ,まきつく,いばる,メロメロ,どくどく,ねばりのかぎづめ,しんちょう,HP/ぼうぎょ/とくぼう
573,ロズレイド,くさ,どく,ギガドレイン,やどりぎのタネ,ねをはる,こうごうせい,おおきなねっこ,おだやか,とくこう/とくぼう
574,ドンカラス,あく,ひこう,ばかぢから,ついばむ,あやしいひかり,でんじは,しろいハーブ,いじっぱり,HP/こうげき
575,ハガネール,はがね,じめん,じしん,ほのおのキバ,かみなりのキバ,こおりのキバ,シュカのみ,いじっぱり,こうげき/ぼうぎょ
576,マニューラ,あく,こおり,つじぎり,メロメロ,かげぶんしん,あられ,ひかりのこな,ようき,こうげき/すばやさ
577,グライオン,じめん,ひこう,じしん,ほのおのキバ,かみなりのキバ,こおりのキバ,するどいキバ,ようき,こうげき/すばやさ
578,ドククラゲ,みず,どく,どくどく,ギガドレイン,メロメロ,あやしいひかり,くろいヘドロ,おだやか,HP/とくぼう
579,プテラ,いわ,ひこう,かみつく,ほのおのキバ,かみなりのキバ,こおりのキバ,するどいキバ,ようき,こうげき/すばやさ
580,ポリゴン２,ノーマル,,トライアタック,１０まんボルト,じこさいせい,トリックルーム,くろいてっきゅう,れいせい,HP/とくこう
581,ベロベルト,ノーマル,,なみのり,れいとうビーム,１０まんボルト,シャドーボール,たつじんのおび,ひかえめ,HP/とくこう
582,メガヤンマ,むし,ひこう,つばめがえし,とんぼがえり,つじぎり,はがねのつばさ,ちからのハチマキ,いじっぱり,こうげき/すばやさ
583,サーナイト,エスパー,,サイコキネシス,１０まんボルト,めいそう,ねむる,カゴのみ,ひかえめ,とくこう/とくぼう
584,エルレイド,エスパー,かくとう,ドレインパンチ,ほのおのパンチ,かみなりパンチ,れいとうパンチ,ひかりのこな,ようき,こうげき/すばやさ
585,ナッシー,くさ,エスパー,ゆめくい,さいみんじゅつ,やどりぎのタネ,ねをはる,ラムのみ,ひかえめ,HP/とくこう
586,スターミー,みず,エスパー,ハイドロポンプ,ふぶき,かみなり,じこさいせい,こうかくレンズ,おくびょう,とくこう/すばやさ
587,フライゴン,じめん,ドラゴン,じわれ,ほのおのパンチ,かみなりパンチ,つばめがえし,するどいキバ,ようき,こうげき/すばやさ
588,シャワーズ,みず,,ハイドロポンプ,れいとうビーム,とける,あまごい,しめったいわ,ひかえめ,HP/とくこう
589,サンダース,でんき,,ほうでん,にどげり,あなをほる,でんじは,するどいツメ,すなお,こうげき/とくこう
590,ブースター,ほのお,,ほのおのキバ,じたばた,こらえる,すなかけ,カムラのみ,ようき,こうげき/すばやさ
591,エーフィ,エスパー,,サイコキネシス,スピードスター,あまえる,メロメロ,ひかりのこな,おくびょう,とくこう/すばやさ
592,ブラッキー,あく,,どくどく,くろいまなざし,かげぶんしん,あやしいひかり,たべのこし,わんぱく,ぼうぎょ/とくぼう
593,リーフィア,くさ,,リーフブレード,とっておき,のろい,くさぶえ,ひかりのこな,ようき,こうげき/すばやさ
594,グレイシア,こおり,,れいとうビーム,かげぶんしん,あくび,あられ,たべのこし,おだやか,とくこう/とくぼう
595,ルカリオ,かくとう,はがね,クロスチョップ,ストーンエッジ,かみなりパンチ,れいとうパンチ,ピントレンズ,いじっぱり,こうげき/すばやさ
596,カバルドン,じめん,,じしん,いばる,すなじごく,あくび,オボンのみ,わんぱく,こうげき/ぼうぎょ
597,ダイノーズ,いわ,はがね,アイアンヘッド,ほのおのパンチ,かみなりパンチ,れいとうパンチ,ヨプのみ,いじっぱり,こうげき/とくぼう
598,ヨノワール,ゴースト,,のろい,いたみわけ,あやしいひかり,メロメロ,たべのこし,しんちょう,ぼうぎょ/とくぼう
599,ボスゴドラ,はがね,いわ,メタルクロー,ほのおのパンチ,かみなりパンチ,れいとうパンチ,せんせいのツメ,いじっぱり,こうげき/ぼうぎょ
600,トドゼルガ,こおり,みず,ゆきなだれ,じしん,かみくだく,のろい,いのちのたま,ゆうかん,HP/こうげき
601,マンムー,こおり,じめん,ゆきなだれ,じしん,アイアンヘッド,のろい,オボンのみ,いじっぱり,HP/こうげき
602,ラプラス,みず,こおり,ぜったいれいど,ほろびのうた,うたう,あやしいひかり,せんせいのツメ,わんぱく,ぼうぎょ/とくぼう
603,クロバット,どく,ひこう,エアスラッシュ,しねんのずつき,かみつく,たつまき,するどいキバ,すなお,こうげき/すばやさ
604,ジバコイル,でんき,はがね,アイアンヘッド,だいばくはつ,いばる,じこあんじ,ラムのみ,わんぱく,こうげき/ぼうぎょ
605,ドサイドン,じめん,いわ,ほのおのパンチ,かみなりパンチ,れいとうパンチ,アクアテール,たつじんのおび,いじっぱり,こうげき/ぼうぎょ
606,モジャンボ,くさ,,ギガドレイン,やどりぎのタネ,どくどく,かげぶんしん,おおきなねっこ,ずぶとい,HP/ぼうぎょ/とくこう
607,ポリゴンＺ,ノーマル,,トライアタック,でんじは,じこさいせい,トリック,こだわりスカーフ,おくびょう,とくこう/すばやさ
608,ギャラドス,みず,ひこう,たきのぼり,こおりのキバ,アイアンヘッド,りゅうのまい,ラムのみ,ようき,こうげき/すばやさ
609,カビゴン,ノーマル,,ほのおのパンチ,かみなりパンチ,れいとうパンチ,ねむる,カゴのみ,いじっぱり,こうげき/とくぼう
610,キングドラ,みず,ドラゴン,しおみず,れいとうビーム,たつまき,あくび,かいがらのすず,おくびょう,とくこう/すばやさ
611,ハピナス,ノーマル,,どくどく,かげぶんしん,タマゴうみ,カウンター,カゴのみ,おだやか,HP/とくぼう
612,ミロカロス,みず,,どくどく,あやしいひかり,かげぶんしん,アクアリング,たべのこし,わんぱく,HP/ぼうぎょ
613,エレキブル,でんき,,かみなり,ばくれつパンチ,いわなだれ,アイアンテール,こうかくレンズ,がんばりや,こうげき/とくこう
614,ブーバーン,ほのお,,ほのおのパンチ,きあいパンチ,あやしいひかり,えんまく,シュカのみ,いじっぱり,こうげき/すばやさ
615,トゲキッス,ノーマル,ひこう,エアスラッシュ,あやしいかぜ,ぎんいろのかぜ,げんしのちから,ピントレンズ,ひかえめ,HP/とくこう
616,ウインディ,ほのお,,フレアドライブ,かみなりのキバ,きしかいせい,こらえる,カムラのみ,ようき,こうげき/すばやさ
617,カイリュー,ドラゴン,ひこう,ドラゴンダイブ,ほのおのパンチ,かみなりパンチ,れいとうパンチ,するどいツメ,いじっぱり,こうげき/ぼうぎょ
618,バンギラス,いわ,あく,ほのおのパンチ,かみなりパンチ,れいとうパンチ,つばめがえし,こだわりスカーフ,ようき,こうげき/すばやさ
619,ボーマンダ,ドラゴン,ひこう,ドラゴンクロー,ほのおのキバ,かみなりのキバ,りゅうのまい,するどいキバ,ようき,こうげき/すばやさ
620,メタグロス,はがね,エスパー,サイコキネシス,ラスターカノン,シャドーボール,ヘドロばくだん,ものしりメガネ,ひかえめ,ぼうぎょ/とくこう
621,ガブリアス,ドラゴン,じめん,りゅうせいぐん,だいちのちから,かえんほうしゃ,なみのり,しろいハーブ,ひかえめ,とくこう/すばやさ
622,ケッキング,ノーマル,,ブレイククロー,ほのおのパンチ,かみなりパンチ,れいとうパンチ,ラムのみ,いじっぱり,こうげき/ぼうぎょ
623,フシギバナ,くさ,どく,タネばくだん,じしん,げきりん,のろい,くろいヘドロ,いじっぱり,こうげき/とくぼう
624,リザードン,ほのお,ひこう,フレアドライブ,じしん,かみくだく,ドラゴンクロー,ピントレンズ,いじっぱり,こうげき/すばやさ
625,カメックス,みず,,アクアテール,じしん,ゆきなだれ,しねんのずつき,いのちのたま,いじっぱり,HP/こうげき
626,メガニウム,くさ,,リーフストーム,しぼりとる,ひかりのかべ,リフレクター,ひかりのねんど,ずぶとい,HP/とくこう
627,バクフーン,ほのお,,フレアドライブ,じしん,シャドークロー,つばめがえし,シュカのみ,いじっぱり,こうげき/すばやさ
628,オーダイル,みず,,ハイドロカノン,れいとうビーム,きあいだま,げんしのちから,ものしりメガネ,ひかえめ,ぼうぎょ/とくこう
629,ジュカイン,くさ,,リーフブレード,シザークロス,つじぎり,つばめがえし,ピントレンズ,いじっぱり,こうげき/すばやさ
630,バシャーモ,ほのお,かくとう,ブレイズキック,じしん,シャドークロー,ストーンエッジ,イトケのみ,いじっぱり,こうげき/すばやさ
631,ラグラージ,みず,じめん,だくりゅう,だいちのちから,れいとうビーム,カウンター,たつじんのおび,ひかえめ,HP/とくこう
632,ドダイトス,くさ,じめん,ハードプラント,だいちのちから,はかいこうせん,やどりぎのタネ,のんきのおこう,ひかえめ,ぼうぎょ/とくこう
633,ゴウカザル,ほのお,かくとう,かえんほうしゃ,きあいだま,ソーラービーム,にほんばれ,ひかりのこな,ひかえめ,とくこう/すばやさ
634,エンペルト,みず,はがね,なみのり,じしん,ふぶき,シグナルビーム,せんせいのツメ,ゆうかん,こうげき/とくこう
635,ダグトリオ,じめん,,じわれ,ギガインパクト,つばめがえし,つじぎり,するどいツメ,ようき,こうげき/すばやさ
636,ガラガラ,じめん,,じしん,ギガインパクト,げきりん,ほのおのパンチ,ふといホネ,いじっぱり,こうげき/ぼうぎょ
637,チャーレム,かくとう,エスパー,サイコキネシス,きあいだま,シャドーボール,めいそう,ものしりメガネ,ひかえめ,とくこう/すばやさ
638,ヌオー,みず,じめん,なみのり,だいちのちから,きあいだま,ヘドロばくだん,せんせいのツメ,ひかえめ,HP/とくこう
639,グランブル,ノーマル,,ほのおのパンチ,かみなりパンチ,れいとうパンチ,しっぺがえし,ちからのハチマキ,いじっぱり,HP/こうげき
640,ルージュラ,こおり,エスパー,ふぶき,エナジーボール,シグナルビーム,しぼりとる,たつじんのおび,ひかえめ,とくこう/すばやさ
641,バリヤード,エスパー,,サイコキネシス,１０まんボルト,エナジーボール,はかいこうせん,カシブのみ,ひかえめ,とくこう/とくぼう
642,ランターン,みず,でんき,ハイドロポンプ,かみなり,ふぶき,あまごい,オボンのみ,ひかえめ,HP/とくこう
643,キノガッサ,くさ,かくとう,ばくれつパンチ,かみなりパンチ,ストーンエッジ,からげんき,どくどくだま,いじっぱり,こうげき/ぼうぎょ
644,フォレトス,むし,はがね,あなをほる,いばる,どくどく,かげぶんしん,たべのこし,いじっぱり,こうげき/ぼうぎょ
645,エアームド,はがね,ひこう,ドリルくちばし,きりさく,しっぺがえし,つじぎり,するどいツメ,わんぱく,こうげき/ぼうぎょ
646,アブソル,あく,,つじぎり,サイコカッター,シザークロス,つばめがえし,するどいツメ,ようき,こうげき/すばやさ
647,ナマズン,みず,じめん,ハイドロポンプ,だいちのちから,ふぶき,じわれ,フォーカスレンズ,ひかえめ,HP/とくこう
648,ハリテヤマ,かくとう,,ばくれつパンチ,ほのおのパンチ,かみなりパンチ,れいとうパンチ,いのちのたま,いじっぱり,HP/こうげき
649,ビークイン,むし,ひこう,シザークロス,つばめがえし,おいうち,とんぼがえり,ちからのハチマキ,いじっぱり,HP/こうげき
650,ライチュウ,でんき,,１０まんボルト,きあいだま,シグナルビーム,わるだくみ,ヤタピのみ,おくびょう,とくこう/すばやさ
651,ジュゴン,みず,こおり,ぜったいれいど,つのドリル,ねむる,ねごと,カムラのみ,おだやか,HP/ぼうぎょ/とくぼう
652,ライボルト,でんき,,かみなりのキバ,ほのおのキバ,こおりのキバ,かみつく,せんせいのツメ,いじっぱり,こうげき/すばやさ
653,ムクホーク,ノーマル,ひこう,ブレイブバード,おんがえし,はがねのつばさ,おいうち,ちからのハチマキ,いじっぱり,こうげき/すばやさ
654,トリトドン,みず,じめん,たきのぼり,じしん,ストーンエッジ,じわれ,かいがらのすず,いじっぱり,HP/こうげき
655,スカタンク,どく,あく,ヘドロばくだん,あくのはどう,かえんほうしゃ,シャドーボール,シュカのみ,おくびょう,とくこう/すばやさ
656,ラフレシア,くさ,どく,タネばくだん,ドレインパンチ,やつあたり,つるぎのまい,ラムのみ,いじっぱり,こうげき/とくぼう
657,ウツボット,くさ,どく,ヘドロばくだん,ソーラービーム,はかいこうせん,こうごうせい,パワフルハーブ,ひかえめ,HP/とくこう
658,マルマイン,でんき,,かみなり,はかいこうせん,でんじふゆう,あまごい,しめったいわ,おくびょう,とくこう/すばやさ
659,ルンパッパ,みず,くさ,ハイドロポンプ,くさむすび,ふぶき,きあいだま,こうかくレンズ,ひかえめ,HP/とくこう
660,ダーテング,くさ,あく,リーフストーム,あくのはどう,きあいだま,シャドーボール,しろいハーブ,ひかえめ,HP/とくこう
661,バクオング,ノーマル,,からげんき,じしん,ゆきなだれ,かみくだく,いのちのたま,いじっぱり,HP/こうげき
662,オニゴーリ,こおり,,れいとうビーム,シャドーボール,シグナルビーム,みずのはどう,ピントレンズ,ひかえめ,HP/とくこう
663,ミミロップ,ノーマル,,チャージビーム,れいとうビーム,シャドーボール,きあいだま,ものしりメガネ,ひかえめ,とくこう/すばやさ
664,ユキメノコ,こおり,ゴースト,れいとうビーム,１０まんボルト,シグナルビーム,みちづれ,たつじんのおび,ひかえめ,とくこう/すばやさ
665,エテボース,ノーマル,,ダブルアタック,ダストシュート,タネばくだん,つばめがえし,いのちのたま,いじっぱり,こうげき/すばやさ
666,スリーパー,エスパー,,しねんのずつき,ほのおのパンチ,かみなりパンチ,れいとうパンチ,オボンのみ,いじっぱり,こうげき/とくぼう
667,ゴローニャ,いわ,じめん,ジャイロボール,じしん,アームハンマー,なげつける,くろいてっきゅう,ゆうかん,こうげき/ぼうぎょ
668,サイドン,じめん,いわ,げきりん,アームハンマー,シャドークロー,ゆきなだれ,キーのみ,ゆうかん,HP/こうげき
669,ヤドラン,みず,エスパー,サイコキネシス,かえんほうしゃ,シャドーボール,シグナルビーム,こだわりメガネ,ひかえめ,HP/とくこう
670,マタドガス,どく,,ヘドロばくだん,１０まんボルト,あくのはどう,だいばくはつ,のんきのおこう,なまいき,とくこう/とくぼう
671,ガルーラ,ノーマル,,ダブルアタック,アームハンマー,シャドークロー,いわなだれ,いのちのたま,ようき,こうげき/すばやさ
672,ケンタロス,ノーマル,,ギガインパクト,じしん,げきりん,アイアンテール,ラムのみ,ようき,こうげき/すばやさ
673,フーディン,エスパー,,サイコキネシス,チャージビーム,シグナルビーム,くさむすび,ものしりメガネ,おくびょう,とくこう/すばやさ
674,ヤドキング,みず,エスパー,サイコキネシス,シャドーボール,シグナルビーム,きあいだま,ラムのみ,ひかえめ,とくこう/とくぼう
675,ミルタンク,ノーマル,,ピヨピヨパンチ,ほのおのパンチ,かみなりパンチ,れいとうパンチ,ピントレンズ,いじっぱり,こうげき/ぼうぎょ
676,チルタリス,ドラゴン,ひこう,ドラゴンダイブ,ゴッドバード,じしん,りゅうのまい,ひかりのこな,いじっぱり,こうげき/とくぼう
677,ドクロッグ,どく,かくとう,ヘドロばくだん,きあいだま,シャドーボール,あくのはどう,ものしりメガネ,ひかえめ,とくこう/すばやさ
678,ユキノオー,くさ,こおり,エナジーボール,ふぶき,シャドーボール,きあいだま,オッカのみ,れいせい,HP/とくこう
679,ニドクイン,どく,じめん,ヘドロばくだん,だいちのちから,かえんほうしゃ,れいとうビーム,くろいヘドロ,ひかえめ,HP/とくこう
680,ニドキング,どく,じめん,だいちのちから,ヘドロばくだん,れいとうビーム,シャドーボール,たつじんのおび,ひかえめ,とくこう/すばやさ
681,ユレイドル,いわ,くさ,ギガドレイン,ヘドロばくだん,じこさいせい,ねをはる,おおきなねっこ,おだやか,HP/ぼうぎょ/とくぼう
682,アーマルド,いわ,むし,ストーンエッジ,ばかぢから,じしん,ギガインパクト,こだわりハチマキ,いじっぱり,こうげき/ぼうぎょ
683,トリデプス,いわ,はがね,アイアンヘッド,じわれ,かげぶんしん,てっぺき,たべのこし,しんちょう,HP/とくぼう
684,フローゼル,みず,,なみのり,れいとうビーム,きあいだま,あまごい,さざなみのおこう,ひかえめ,とくこう/すばやさ
685,ムウマージ,ゴースト,,シャドーボール,エナジーボール,こごえるかぜ,みちづれ,ものしりメガネ,おくびょう,とくこう/すばやさ
686,フワライド,ゴースト,ひこう,サイコキネシス,１０まんボルト,こごえるかぜ,みちづれ,ものしりメガネ,ひかえめ,HP/とくこう
687,ゴルダック,みず,,アクアテール,クロスチョップ,れいとうパンチ,しねんのずつき,ピントレンズ,いじっぱり,HP/こうげき
688,ニョロボン,みず,かくとう,ハイドロポンプ,きあいだま,ふぶき,どろばくだん,こうかくレンズ,ひかえめ,HP/とくこう
689,ギャロップ,ほのお,,フレアドライブ,どくづき,アイアンテール,つのドリル,ひかりのこな,いじっぱり,こうげき/すばやさ
690,ベトベトン,どく,,ダストシュート,しっぺがえし,かげうち,のろい,フォーカスレンズ,ゆうかん,HP/こうげき
691,ゲンガー,ゴースト,どく,サイコキネシス,エナジーボール,きあいだま,あやしいひかり,ピントレンズ,ひかえめ,とくこう/すばやさ
692,デンリュウ,でんき,,チャージビーム,はかいこうせん,でんじは,ねむる,カゴのみ,ひかえめ,HP/とくこう
693,ニョロトノ,みず,,たきのぼり,じしん,はらだいこ,ねむる,カゴのみ,しんちょう,こうげき/とくぼう
694,カイロス,むし,,シザークロス,ばかぢから,ストーンエッジ,ギガインパクト,のんきのおこう,いじっぱり,こうげき/ぼうぎょ
695,ハッサム,むし,はがね,シザークロス,でんこうせっか,きしかいせい,こらえる,カムラのみ,ようき,こうげき/すばやさ
696,ヘラクロス,むし,かくとう,メガホーン,ストーンエッジ,からげんき,シャドークロー,バコウのみ,いじっぱり,こうげき/すばやさ
697,リングマ,ノーマル,,からげんき,ばかぢから,かみくだく,まもる,どくどくだま,いじっぱり,HP/こうげき
698,ヘルガー,あく,ほのお,かえんほうしゃ,シャドーボール,ヘドロばくだん,おにび,イトケのみ,ひかえめ,とくこう/すばやさ
699,ドンファン,じめん,,じしん,ジャイロボール,ほのおのキバ,かみなりのキバ,のんきのおこう,ゆうかん,こうげき/ぼうぎょ
700,ホエルオー,みず,,たきのぼり,ゆきなだれ,じしん,のろい,たべのこし,いじっぱり,HP/こうげき
701,ネンドール,じめん,エスパー,だいちのちから,サイコキネシス,チャージビーム,れいとうビーム,ものしりメガネ,ひかえめ,とくこう/とくぼう
702,ラムパルド,いわ,,もろはのずつき,しねんのずつき,ほのおのパンチ,かみなりパンチ,いのちのたま,いじっぱり,HP/こうげき
703,ドータクン,はがね,エスパー,サイコキネシス,シャドーボール,チャージビーム,シグナルビーム,たべのこし,ひかえめ,HP/とくこう
704,ドラピオン,どく,あく,クロスポイズン,ほのおのキバ,かみなりのキバ,こおりのキバ,ピントレンズ,ようき,こうげき/すばやさ
705,レントラー,でんき,,かみなりのキバ,こおりのキバ,ばかぢから,でんじは,しろいハーブ,いじっぱり,HP/こうげき
706,キュウコン,ほのお,,ねっぷう,あやしいかぜ,ゆめくい,さいみんじゅつ,こうかくレンズ,おくびょう,とくぼう/すばやさ
707,カイリキー,かくとう,,ばくれつパンチ,じしん,ストーンエッジ,れいとうパンチ,せんせいのツメ,いじっぱり,HP/こうげき
708,ツボツボ,むし,いわ,ジャイロボール,みがわり,かげぶんしん,パワートリック,のんきのおこう,わんぱく,HP/ぼうぎょ/とくぼう
709,ロズレイド,くさ,どく,リーフストーム,ヘドロばくだん,はかいこうせん,くさぶえ,しろいハーブ,ひかえめ,とくこう/すばやさ
710,ドンカラス,あく,ひこう,あくのはどう,エアカッター,サイコキネシス,シャドーボール,いのちのたま,ひかえめ,HP/とくこう
711,ハガネール,はがね,じめん,ジャイロボール,しっぺがえし,いばる,のろい,くろいてっきゅう,のんき,こうげき/ぼうぎょ
712,マニューラ,あく,こおり,つじぎり,シザークロス,メタルクロー,カウンター,きあいのタスキ,いじっぱり,こうげき/すばやさ
713,グライオン,じめん,ひこう,ハサミギロチン,じしん,とんぼがえり,カウンター,きあいのタスキ,ようき,HP/すばやさ
714,ドククラゲ,みず,どく,なみのり,ヘドロばくだん,ギガドレイン,ミラーコート,きあいのタスキ,ひかえめ,とくこう/とくぼう
715,プテラ,いわ,ひこう,ギガインパクト,じしん,いわなだれ,かみくだく,ヤチェのみ,いじっぱり,こうげき/すばやさ
716,ポリゴン２,ノーマル,,トライアタック,１０まんボルト,サイコキネシス,れいとうビーム,ものしりメガネ,ひかえめ,HP/とくこう
717,ベロベルト,ノーマル,,おんがえし,ジャイロボール,のろい,ねむる,ラムのみ,ゆうかん,HP/こうげき
718,メガヤンマ,むし,ひこう,ぎんいろのかぜ,げんしのちから,あやしいかぜ,ギガドレイン,ラムのみ,ひかえめ,とくこう/すばやさ
719,サーナイト,エスパー,,サイコキネシス,チャージビーム,エナジーボール,きあいだま,ひかりのこな,ひかえめ,とくこう/とくぼう
720,エルレイド,エスパー,かくとう,サイコカッター,ストーンエッジ,つばめがえし,シザークロス,ピントレンズ,いじっぱり,こうげき/とくぼう
721,ナッシー,くさ,エスパー,ウッドハンマー,しねんのずつき,トリックルーム,だいばくはつ,きあいのタスキ,ゆうかん,HP/こうげき
722,スターミー,みず,エスパー,なみのり,サイコキネシス,パワージェム,シグナルビーム,ものしりメガネ,ひかえめ,とくこう/すばやさ
723,フライゴン,じめん,ドラゴン,りゅうせいぐん,だいちのちから,かえんほうしゃ,ギガドレイン,しろいハーブ,おくびょう,とくこう/すばやさ
724,シャワーズ,みず,,だくりゅう,ふぶき,アクアリング,あくび,たべのこし,ひかえめ,HP/とくこう
725,サンダース,でんき,,かみなり,シャドーボール,あまごい,あくび,のんきのおこう,おくびょう,とくこう/すばやさ
726,ブースター,ほのお,,オーバーヒート,シャドーボール,どろかけ,おにび,しろいハーブ,ひかえめ,とくこう/とくぼう
727,エーフィ,エスパー,,サイコキネシス,シャドーボール,はかいこうせん,くさむすび,ラムのみ,ひかえめ,とくこう/すばやさ
728,ブラッキー,あく,,だましうち,いばる,じこあんじ,いやなおと,のんきのおこう,わんぱく,HP/ぼうぎょ
729,リーフィア,くさ,,リーフブレード,シザークロス,こうごうせい,にほんばれ,あついいわ,いじっぱり,こうげき/ぼうぎょ
730,グレイシア,こおり,,ふぶき,はかいこうせん,あられ,ミラーコート,きあいのタスキ,ひかえめ,ぼうぎょ/とくこう
731,ルカリオ,かくとう,はがね,インファイト,じしん,ブレイズキック,シャドークロー,ちからのハチマキ,いじっぱり,こうげき/すばやさ
732,カバルドン,じめん,,ばかぢから,ほのおのキバ,こおりのキバ,じわれ,しろいハーブ,いじっぱり,HP/こうげき
733,ダイノーズ,いわ,はがね,ストーンエッジ,アイアンヘッド,じしん,だいばくはつ,ピントレンズ,いじっぱり,こうげき/ぼうぎょ
734,ヨノワール,ゴースト,,シャドーパンチ,ほのおのパンチ,かみなりパンチ,れいとうパンチ,ピントレンズ,いじっぱり,こうげき/とくぼう
735,ボスゴドラ,はがね,いわ,アイアンテール,ドラゴンダイブ,ゆきなだれ,つばめがえし,ちからのハチマキ,いじっぱり,こうげき/ぼうぎょ
736,トドゼルガ,こおり,みず,ぜったいれいど,じわれ,ねむる,ねごと,のんきのおこう,ずぶとい,ぼうぎょ/とくぼう
737,マンムー,こおり,じめん,じしん,ばかぢから,じわれ,あられ,のんきのおこう,いじっぱり,HP/こうげき
738,ラプラス,みず,こおり,たきのぼり,げきりん,しねんのずつき,りゅうのまい,ラムのみ,いじっぱり,HP/こうげき
739,クロバット,どく,ひこう,エアスラッシュ,ヘドロばくだん,ねっぷう,あくのはどう,おうじゃのしるし,ひかえめ,とくこう/すばやさ
740,ジバコイル,でんき,はがね,チャージビーム,ラスターカノン,でんじふゆう,でんじは,カゴのみ,ひかえめ,ぼうぎょ/とくこう
741,ドサイドン,じめん,いわ,つのドリル,ゆきなだれ,しっぺがえし,カウンター,きあいのタスキ,わんぱく,HP/ぼうぎょ
742,モジャンボ,くさ,,ソーラービーム,しぼりとる,こうごうせい,にほんばれ,あついいわ,ひかえめ,ぼうぎょ/とくこう
743,ポリゴンＺ,ノーマル,,サイコキネシス,れいとうビーム,シグナルビーム,チャージビーム,ものしりメガネ,ひかえめ,HP/とくこう
744,ギャラドス,みず,ひこう,げきりん,たきのぼり,ストーンエッジ,ギガインパクト,キーのみ,いじっぱり,こうげき/とくぼう
745,カビゴン,ノーマル,,げきりん,ばかぢから,ダストシュート,タネばくだん,しろいハーブ,いじっぱり,こうげき/とくぼう
746,キングドラ,みず,ドラゴン,たきのぼり,げきりん,アイアンヘッド,りゅうのまい,ラムのみ,いじっぱり,HP/こうげき
747,ハピナス,ノーマル,,かえんほうしゃ,１０まんボルト,れいとうビーム,めいそう,ひかりのこな,ひかえめ,HP/とくこう
748,ミロカロス,みず,,ハイドロポンプ,ふぶき,ミラーコート,じこさいせい,こうかくレンズ,おだやか,とくこう/とくぼう
749,エレキブル,でんき,,１０まんボルト,サイコキネシス,きあいだま,シグナルビーム,ものしりメガネ,ひかえめ,とくこう/すばやさ
750,ブーバーン,ほのお,,フレアドライブ,かみなりパンチ,じしん,かわらわり,イトケのみ,いじっぱり,こうげき/すばやさ
751,トゲキッス,ノーマル,ひこう,エアスラッシュ,ねっぷう,シグナルビーム,マジカルリーフ,ものしりメガネ,ひかえめ,とくこう/すばやさ
752,ウインディ,ほのお,,オーバーヒート,ソーラービーム,りゅうのはどう,にほんばれ,しろいハーブ,ひかえめ,とくこう/すばやさ
753,カイリュー,ドラゴン,ひこう,りゅうせいぐん,かえんほうしゃ,１０まんボルト,なみのり,たつじんのおび,ひかえめ,ぼうぎょ/とくこう
754,バンギラス,いわ,あく,ばかぢから,ドラゴンクロー,シャドークロー,アクアテール,しろいハーブ,いじっぱり,こうげき/ぼうぎょ
755,ボーマンダ,ドラゴン,ひこう,りゅうせいぐん,ハイドロポンプ,かえんほうしゃ,あやしいかぜ,ものしりメガネ,ひかえめ,とくこう/すばやさ
756,メタグロス,はがね,エスパー,アームハンマー,かみなりパンチ,れいとうパンチ,つばめがえし,オッカのみ,いじっぱり,こうげき/ぼうぎょ
757,ガブリアス,ドラゴン,じめん,ドラゴンダイブ,ストーンエッジ,アクアテール,つばめがえし,きあいのタスキ,いじっぱり,こうげき/すばやさ
758,ケッキング,ノーマル,,おんがえし,つじぎり,ダストシュート,つばめがえし,いのちのたま,ようき,こうげき/すばやさ
759,フシギバナ,くさ,どく,ハードプラント,ヘドロばくだん,はかいこうせん,こうごうせい,ものしりメガネ,ひかえめ,HP/とくこう
760,リザードン,ほのお,ひこう,ブラストバーン,エアスラッシュ,きあいだま,げんしのちから,ひかりのこな,おくびょう,とくこう/すばやさ
761,カメックス,みず,,ハイドロカノン,れいとうビーム,はかいこうせん,きあいだま,かいがらのすず,ひかえめ,HP/とくこう
762,メガニウム,くさ,,ハードプラント,げんしのちから,はかいこうせん,ひかりのかべ,のんきのおこう,ひかえめ,HP/とくこう
763,バクフーン,ほのお,,オーバーヒート,ソーラービーム,きあいだま,にほんばれ,しろいハーブ,ひかえめ,とくこう/すばやさ
764,オーダイル,みず,,たきのぼり,じしん,こおりのキバ,りゅうのまい,ラムのみ,いじっぱり,こうげき/ぼうぎょ
765,ジュカイン,くさ,,リーフストーム,りゅうのはどう,きあいだま,はかいこうせん,オッカのみ,おくびょう,とくこう/すばやさ
766,バシャーモ,ほのお,かくとう,フレアドライブ,ばかぢから,かみなりパンチ,つじぎり,しろいハーブ,いじっぱり,こうげき/すばやさ
767,ラグラージ,みず,じめん,じしん,アクアテール,ゆきなだれ,ミラーコート,リンドのみ,いじっぱり,HP/こうげき
768,ドダイトス,くさ,じめん,ウッドハンマー,じしん,ストーンエッジ,かみくだく,せんせいのツメ,いじっぱり,HP/こうげき
769,ゴウカザル,ほのお,かくとう,フレアドライブ,インファイト,じしん,かみなりパンチ,おうじゃのしるし,ようき,こうげき/すばやさ
770,エンペルト,みず,はがね,ハイドロカノン,ラスターカノン,ドリルくちばし,じしん,せんせいのツメ,ゆうかん,こうげき/とくこう
771,ダグトリオ,じめん,,じしん,ストーンエッジ,きりさく,シャドークロー,ちからのハチマキ,いじっぱり,こうげき/すばやさ
772,ガラガラ,じめん,,じしん,ストーンエッジ,アイアンヘッド,かみなりパンチ,ふといホネ,いじっぱり,こうげき/ぼうぎょ
773,チャーレム,かくとう,エスパー,サイコカッター,ほのおのパンチ,かみなりパンチ,れいとうパンチ,ピントレンズ,いじっぱり,こうげき/すばやさ
774,ヌオー,みず,じめん,じしん,たきのぼり,ストーンエッジ,れいとうパンチ,ちからのハチマキ,いじっぱり,HP/こうげき
775,グランブル,ノーマル,,ギガインパクト,インファイト,じしん,ストーンエッジ,いのちのたま,いじっぱり,HP/こうげき
776,ルージュラ,こおり,エスパー,れいとうビーム,サイコキネシス,きあいだま,シャドーボール,こだわりメガネ,ひかえめ,とくこう/すばやさ
777,バリヤード,エスパー,,サイコキネシス,チャージビーム,シャドーボール,きあいだま,こだわりメガネ,ひかえめ,とくこう/とくぼう
778,ランターン,みず,でんき,なみのり,１０まんボルト,れいとうビーム,シグナルビーム,たつじんのおび,ひかえめ,HP/とくこう
779,キノガッサ,くさ,かくとう,きあいパンチ,タネばくだん,ギガインパクト,キノコのほうし,かいがらのすず,いじっぱり,こうげき/ぼうぎょ
780,フォレトス,むし,はがね,だいばくはつ,すてみタックル,じしん,いわなだれ,のんきのおこう,いじっぱり,こうげき/ぼうぎょ
781,エアームド,はがね,ひこう,ブレイブバード,はがねのつばさ,シザークロス,いわなだれ,いのちのたま,いじっぱり,こうげき/ぼうぎょ
782,アブソル,あく,,つじぎり,ばかぢから,ギガインパクト,しねんのずつき,こだわりハチマキ,いじっぱり,こうげき/すばやさ
783,ナマズン,みず,じめん,じしん,アクアテール,しねんのずつき,ストーンエッジ,ちからのハチマキ,いじっぱり,HP/こうげき
784,ハリテヤマ,かくとう,,クロスチョップ,じしん,ストーンエッジ,どくづき,ピントレンズ,いじっぱり,HP/こうげき
785,ビークイン,むし,ひこう,こうげきしれい,ぼうぎょしれい,かいふくしれい,あやしいひかり,かいがらのすず,いじっぱり,HP/こうげき
786,ライチュウ,でんき,,ボルテッカー,おんがえし,かわらわり,でんじは,ひかりのこな,いじっぱり,こうげき/すばやさ
787,ジュゴン,みず,こおり,なみのり,れいとうビーム,シグナルビーム,ねむる,カゴのみ,おだやか,とくこう/とくぼう
788,ライボルト,でんき,,１０まんボルト,かえんほうしゃ,シグナルビーム,スピードスター,ひかりのこな,おくびょう,とくこう/すばやさ
789,ムクホーク,ノーマル,ひこう,ブレイブバード,ギガインパクト,インファイト,とんぼがえり,こだわりハチマキ,いじっぱり,こうげき/すばやさ
790,トリトドン,みず,じめん,なみのり,だいちのちから,れいとうビーム,ヘドロばくだん,ものしりメガネ,ひかえめ,HP/とくこう
791,スカタンク,どく,あく,どくづき,つじぎり,かみくだく,だいばくはつ,ちからのハチマキ,ようき,こうげき/すばやさ
792,ラフレシア,くさ,どく,ヘドロばくだん,エナジーボール,はかいこうせん,こうごうせい,ものしりメガネ,ひかえめ,HP/とくこう
793,ウツボット,くさ,どく,ソーラービーム,ヘドロばくだん,しぼりとる,にほんばれ,きあいのハチマキ,ひかえめ,HP/とくこう
794,マルマイン,でんき,,１０まんボルト,シグナルビーム,だいばくはつ,ミラーコート,きあいのタスキ,がんばりや,とくこう/すばやさ
795,ルンパッパ,みず,くさ,なみのり,ギガドレイン,れいとうビーム,あまごい,ラムのみ,ひかえめ,とくこう/とくぼう
796,ダーテング,くさ,あく,タネばくだん,ふいうち,つばめがえし,だいばくはつ,クラボのみ,いじっぱり,HP/こうげき
797,バクオング,ノーマル,,ハイパーボイス,オーバーヒート,なみのり,れいとうビーム,しろいハーブ,ひかえめ,HP/とくこう
798,オニゴーリ,こおり,,ふぶき,あくのはどう,ぜったいれいど,あられ,のんきのおこう,ひかえめ,HP/とくこう
799,ミミロップ,ノーマル,,ピヨピヨパンチ,ほのおのパンチ,かみなりパンチ,れいとうパンチ,ちからのハチマキ,ようき,こうげき/すばやさ
800,ユキメノコ,こおり,ゴースト,ふぶき,シャドーボール,サイコキネシス,あられ,のんきのおこう,ひかえめ,とくこう/すばやさ
801,エテボース,ノーマル,,ダブルアタック,ほのおのパンチ,かみなりパンチ,れいとうパンチ,いのちのたま,いじっぱり,こうげき/すばやさ
802,スリーパー,エスパー,,サイコキネシス,シャドーボール,シグナルビーム,きあいだま,こだわりメガネ,ひかえめ,とくこう/とくぼう
803,ゴローニャ,いわ,じめん,じしん,ストーンエッジ,ジャイロボール,だいばくはつ,せんせいのツメ,ゆうかん,こうげき/ぼうぎょ
804,サイドン,じめん,いわ,じしん,ストーンエッジ,メガホーン,つのドリル,せんせいのツメ,いじっぱり,HP/こうげき
805,ヤドラン,みず,エスパー,サイコキネシス,なみのり,れいとうビーム,トリックルーム,たべのこし,れいせい,HP/とくこう
806,マタドガス,どく,,ヘドロばくだん,かえんほうしゃ,シャドーボール,みちづれ,せんせいのツメ,ひかえめ,ぼうぎょ/とくこう
807,ガルーラ,ノーマル,,ギガインパクト,じしん,かみくだく,げきりん,ちからのハチマキ,いじっぱり,HP/こうげき
808,ケンタロス,ノーマル,,おんがえし,じしん,ストーンエッジ,しねんのずつき,こだわりハチマキ,いじっぱり,こうげき/すばやさ
809,フーディン,エスパー,,サイコキネシス,シャドーボール,エナジーボール,きあいだま,たつじんのおび,ひかえめ,とくこう/すばやさ
810,ヤドキング,みず,エスパー,サイコキネシス,なみのり,れいとうビーム,かえんほうしゃ,ものしりメガネ,ひかえめ,HP/とくこう
811,ミルタンク,ノーマル,,ギガインパクト,じしん,いわなだれ,しねんのずつき,ちからのハチマキ,いじっぱり,こうげき/すばやさ
812,チルタリス,ドラゴン,ひこう,りゅうせいぐん,エアカッター,かえんほうしゃ,れいとうビーム,しろいハーブ,ひかえめ,とくこう/すばやさ
813,ドクロッグ,どく,かくとう,ダストシュート,クロスチョップ,じしん,ストーンエッジ,するどいツメ,いじっぱり,こうげき/すばやさ
814,ユキノオー,くさ,こおり,ウッドハンマー,ゆきなだれ,じしん,いわなだれ,かいがらのすず,ゆうかん,HP/こうげき
815,ニドクイン,どく,じめん,じしん,どくづき,ばかぢから,かみくだく,するどいツメ,いじっぱり,HP/こうげき
816,ニドキング,どく,じめん,じしん,どくづき,メガホーン,げきりん,ちからのハチマキ,いじっぱり,こうげき/すばやさ
817,ユレイドル,いわ,くさ,ストーンエッジ,タネばくだん,じしん,ミラーコート,たべのこし,おだやか,HP/ぼうぎょ/とくぼう
818,アーマルド,いわ,むし,ストーンエッジ,シザークロス,じしん,クロスポイズン,いのちのたま,いじっぱり,こうげき/ぼうぎょ
819,トリデプス,いわ,はがね,メタルバースト,ストーンエッジ,ゆきなだれ,のろい,きあいのタスキ,いじっぱり,HP/こうげき
820,フローゼル,みず,,アクアテール,こおりのキバ,かみくだく,かわらわり,するどいキバ,いじっぱり,こうげき/すばやさ
821,ムウマージ,ゴースト,,シャドーボール,サイコキネシス,１０まんボルト,みちづれ,きあいのタスキ,おくびょう,とくこう/すばやさ
822,フワライド,ゴースト,ひこう,シャドーボール,エアカッター,ぎんいろのかぜ,だいばくはつ,のんきのおこう,きまぐれ,HP/こうげき
823,ゴルダック,みず,,ハイドロポンプ,サイコキネシス,れいとうビーム,シグナルビーム,ソクノのみ,ひかえめ,HP/とくこう
824,ニョロボン,みず,かくとう,たきのぼり,きあいパンチ,じしん,さいみんじゅつ,たつじんのおび,いじっぱり,HP/こうげき
825,ギャロップ,ほのお,,フレアドライブ,メガホーン,すてみタックル,さいみんじゅつ,カゴのみ,ようき,こうげき/すばやさ
826,ベトベトン,どく,,ダストシュート,かげうち,かわらわり,だいばくはつ,せんせいのツメ,いじっぱり,HP/こうげき
827,ゲンガー,ゴースト,どく,シャドーボール,ヘドロばくだん,１０まんボルト,みちづれ,ラムのみ,ひかえめ,とくこう/すばやさ
828,デンリュウ,でんき,,かみなり,きあいだま,シグナルビーム,パワージェム,フォーカスレンズ,れいせい,HP/とくこう
829,ニョロトノ,みず,,ハイドロポンプ,れいとうビーム,サイコキネシス,さいみんじゅつ,ソクノのみ,ひかえめ,とくこう/とくぼう
830,カイロス,むし,,シザークロス,じしん,インファイト,ハサミギロチン,ピントレンズ,いじっぱり,こうげき/ぼうぎょ
831,ハッサム,むし,はがね,シザークロス,アイアンヘッド,つばめがえし,つじぎり,オッカのみ,いじっぱり,こうげき/ぼうぎょ
832,ヘラクロス,むし,かくとう,メガホーン,じしん,きしかいせい,こらえる,カムラのみ,ようき,こうげき/すばやさ
833,リングマ,ノーマル,,おんがえし,クロスチョップ,じしん,つばめがえし,せんせいのツメ,いじっぱり,HP/こうげき
834,ヘルガー,あく,ほのお,オーバーヒート,あくのはどう,ソーラービーム,にほんばれ,しろいハーブ,おくびょう,とくこう/すばやさ
835,ドンファン,じめん,,じしん,ストーンエッジ,タネばくだん,じわれ,せんせいのツメ,いじっぱり,こうげき/ぼうぎょ
836,ホエルオー,みず,,ハイドロポンプ,ふぶき,はかいこうせん,じわれ,せんせいのツメ,ひかえめ,HP/とくこう
837,ネンドール,じめん,エスパー,じしん,しねんのずつき,いわなだれ,だいばくはつ,のんきのおこう,いじっぱり,こうげき/とくぼう
838,ラムパルド,いわ,,もろはのずつき,じしん,ギガインパクト,ばかぢから,こだわりスカーフ,ようき,こうげき/すばやさ
839,ドータクン,はがね,エスパー,しねんのずつき,アイアンヘッド,じしん,だいばくはつ,せんせいのツメ,いじっぱり,HP/こうげき
840,ドラピオン,どく,あく,クロスポイズン,つじぎり,じしん,つばめがえし,するどいツメ,いじっぱり,こうげき/すばやさ
841,レントラー,でんき,,かみなりのキバ,こおりのキバ,かみくだく,でんじは,ちからのハチマキ,いじっぱり,HP/こうげき
842,キュウコン,ほのお,,かえんほうしゃ,じんつうりき,エナジーボール,めいそう,イトケのみ,ひかえめ,とくこう/すばやさ
843,カイリキー,かくとう,,クロスチョップ,じしん,かみなりパンチ,ほのおのパンチ,せんせいのツメ,いじっぱり,HP/こうげき
844,ツボツボ,むし,いわ,どくどく,みがわり,かげぶんしん,すなあらし,たべのこし,おだやか,HP/ぼうぎょ/とくぼう
845,ロズレイド,くさ,どく,リーフストーム,ヘドロばくだん,シャドーボール,ウェザーボール,しろいハーブ,ひかえめ,とくこう/すばやさ
846,ドンカラス,あく,ひこう,つじぎり,ドリルくちばし,ふいうち,はがねのつばさ,ピントレンズ,いじっぱり,HP/こうげき
847,ハガネール,はがね,じめん,ジャイロボール,じしん,ストーンエッジ,だいばくはつ,せんせいのツメ,ゆうかん,こうげき/ぼうぎょ
848,マニューラ,あく,こおり,つじぎり,れいとうパンチ,つばめがえし,かわらわり,するどいツメ,ようき,こうげき/すばやさ
849,グライオン,じめん,ひこう,じしん,つばめがえし,シザークロス,ストーンエッジ,たつじんのおび,いじっぱり,こうげき/ぼうぎょ
850,ドククラゲ,みず,どく,ハイドロポンプ,ヘドロばくだん,れいとうビーム,しぼりとる,ピントレンズ,おくびょう,とくこう/すばやさ
851,プテラ,いわ,ひこう,ストーンエッジ,つばめがえし,じしん,ドラゴンクロー,こだわりハチマキ,いじっぱり,こうげき/すばやさ
852,ポリゴン２,ノーマル,,トライアタック,シグナルビーム,シャドーボール,れいとうビーム,ラムのみ,ひかえめ,HP/とくこう
853,ベロベルト,ノーマル,,のしかかり,パワーウィップ,じしん,だいばくはつ,のんきのおこう,いじっぱり,HP/こうげき
854,メガヤンマ,むし,ひこう,むしのさざめき,エアスラッシュ,サイコキネシス,シャドーボール,ものしりメガネ,ひかえめ,とくこう/すばやさ
855,サーナイト,エスパー,,サイコキネシス,１０まんボルト,シャドーボール,みちづれ,ものしりメガネ,おくびょう,とくこう/すばやさ
856,エルレイド,エスパー,かくとう,サイコカッター,インファイト,リーフブレード,つじぎり,ピントレンズ,いじっぱり,こうげき/とくぼう
857,ナッシー,くさ,エスパー,リーフストーム,サイコキネシス,ヘドロばくだん,げんしのちから,たつじんのおび,ひかえめ,HP/とくこう
858,スターミー,みず,エスパー,なみのり,サイコキネシス,１０まんボルト,れいとうビーム,たつじんのおび,ひかえめ,とくこう/すばやさ
859,フライゴン,じめん,ドラゴン,じしん,げきりん,かみくだく,ストーンエッジ,ラムのみ,いじっぱり,こうげき/すばやさ
860,シャワーズ,みず,,なみのり,れいとうビーム,シャドーボール,シグナルビーム,たつじんのおび,ひかえめ,HP/とくこう
861,サンダース,でんき,,１０まんボルト,はかいこうせん,シャドーボール,シグナルビーム,するどいキバ,ひかえめ,とくこう/すばやさ
862,ブースター,ほのお,,ほのおのキバ,ギガインパクト,ばかぢから,かみつく,しろいハーブ,いじっぱり,こうげき/とくぼう
863,エーフィ,エスパー,,サイコキネシス,シャドーボール,シグナルビーム,あさのひざし,ものしりメガネ,ひかえめ,とくこう/すばやさ
864,ブラッキー,あく,,しっぺがえし,きりふだ,のろい,つきのひかり,ひかりのこな,わんぱく,ぼうぎょ/とくぼう
865,リーフィア,くさ,,リーフブレード,シザークロス,つばめがえし,かみつく,せんせいのツメ,いじっぱり,こうげき/ぼうぎょ
866,グレイシア,こおり,,れいとうビーム,シャドーボール,シグナルビーム,みずのはどう,ものしりメガネ,ひかえめ,ぼうぎょ/とくこう
867,ルカリオ,かくとう,はがね,はどうだん,サイコキネシス,シャドーボール,りゅうのはどう,たつじんのおび,ひかえめ,とくこう/すばやさ
868,カバルドン,じめん,,じしん,ストーンエッジ,かみくだく,かみなりのキバ,せんせいのツメ,いじっぱり,HP/こうげき
869,ダイノーズ,いわ,はがね,ラスターカノン,パワージェム,だいちのちから,１０まんボルト,いのちのたま,ひかえめ,とくこう/とくぼう
870,ヨノワール,ゴースト,,シャドーパンチ,じしん,かわらわり,いわなだれ,ちからのハチマキ,いじっぱり,ぼうぎょ/とくぼう
871,ボスゴドラ,はがね,いわ,メタルバースト,ストーンエッジ,じしん,シャドークロー,きあいのタスキ,いじっぱり,こうげき/ぼうぎょ
872,トドゼルガ,こおり,みず,なみのり,れいとうビーム,シグナルビーム,あられ,たべのこし,ひかえめ,HP/とくこう
873,マンムー,こおり,じめん,じしん,こおりのキバ,ストーンエッジ,すてみタックル,いのちのたま,いじっぱり,HP/こうげき
874,ラプラス,みず,こおり,なみのり,れいとうビーム,サイコキネシス,１０まんボルト,ひかりのこな,ひかえめ,HP/とくこう
875,クロバット,どく,ひこう,クロスポイズン,ブレイブバード,シザークロス,しねんのずつき,するどいツメ,いじっぱり,こうげき/すばやさ
876,ジバコイル,でんき,はがね,１０まんボルト,ラスターカノン,トライアタック,シグナルビーム,ひかりのこな,ひかえめ,ぼうぎょ/とくこう
877,ドサイドン,じめん,いわ,がんせきほう,じしん,アームハンマー,メガホーン,こだわりハチマキ,いじっぱり,HP/こうげき
878,モジャンボ,くさ,,パワーウィップ,じしん,つばめがえし,かわらわり,のんきのおこう,いじっぱり,こうげき/ぼうぎょ
879,ポリゴンＺ,ノーマル,,トライアタック,シャドーボール,１０まんボルト,じこさいせい,たつじんのおび,ひかえめ,とくこう/すばやさ
880,ギャラドス,みず,ひこう,たきのぼり,じしん,ねむる,りゅうのまい,カゴのみ,いじっぱり,こうげき/すばやさ
881,カビゴン,ノーマル,,すてみタックル,じしん,しねんのずつき,かみくだく,いのちのたま,いじっぱり,HP/こうげき
882,キングドラ,みず,ドラゴン,ハイドロポンプ,りゅうせいぐん,ふぶき,シグナルビーム,こうかくレンズ,ひかえめ,HP/とくこう
883,ハピナス,ノーマル,,ゆめくい,うたう,タマゴうみ,カウンター,たべのこし,おだやか,HP/とくぼう
884,ミロカロス,みず,,なみのり,れいとうビーム,りゅうのはどう,じこさいせい,ラムのみ,ひかえめ,HP/とくこう
885,エレキブル,でんき,,かみなりパンチ,ほのおのパンチ,れいとうパンチ,じしん,シュカのみ,いじっぱり,こうげき/すばやさ
886,ブーバーン,ほのお,,オーバーヒート,サイコキネシス,きあいだま,あやしいひかり,しろいハーブ,ひかえめ,とくこう/すばやさ
887,トゲキッス,ノーマル,ひこう,はかいこうせん,エアスラッシュ,はどうだん,サイコキネシス,たつじんのおび,ひかえめ,とくこう/すばやさ
888,ウインディ,ほのお,,フレアドライブ,しんそく,かみくだく,かみなりのキバ,きあいのハチマキ,いじっぱり,こうげき/すばやさ
889,カイリュー,ドラゴン,ひこう,げきりん,ギガインパクト,じしん,ばかぢから,こだわりハチマキ,いじっぱり,こうげき/とくぼう
890,バンギラス,いわ,あく,ストーンエッジ,かみくだく,じしん,りゅうのまい,ヨプのみ,いじっぱり,HP/こうげき
891,ボーマンダ,ドラゴン,ひこう,げきりん,かみくだく,じしん,しねんのずつき,ラムのみ,いじっぱり,こうげき/すばやさ
892,メタグロス,はがね,エスパー,コメットパンチ,しねんのずつき,じしん,だいばくはつ,せんせいのツメ,いじっぱり,HP/こうげき
893,ガブリアス,ドラゴン,じめん,げきりん,じしん,かみくだく,ほのおのキバ,キーのみ,いじっぱり,こうげき/すばやさ
894,ケッキング,ノーマル,,ギガインパクト,じしん,アームハンマー,シャドークロー,ちからのハチマキ,いじっぱり,HP/こうげき
895,フリーザー,こおり,ひこう,ふぶき,そらをとぶ,はねやすめ,あられ,つめたいいわ,きまぐれ,こうげき/とくこう
896,サンダー,でんき,ひこう,かみなり,ドリルくちばし,でんじは,あまごい,ヤチェのみ,まじめ,こうげき/すばやさ
897,ファイヤー,ほのお,ひこう,かえんほうしゃ,エアスラッシュ,げんしのちから,はねやすめ,イトケのみ,おくびょう,とくこう/すばやさ
898,ライコウ,でんき,,１０まんボルト,シャドーボール,でんじは,ひかりのかべ,ラムのみ,おくびょう,とくこう/すばやさ
899,エンテイ,ほのお,,ほのおのキバ,おんがえし,ほえる,リフレクター,シュカのみ,ようき,こうげき/すばやさ
900,スイクン,みず,,なみのり,こごえるかぜ,あやしいかぜ,ミラーコート,きあいのタスキ,おだやか,とくこう/とくぼう
901,レジロック,いわ,,いわなだれ,じしん,かわらわり,すなあらし,たべのこし,わんぱく,こうげき/ぼうぎょ
902,レジアイス,こおり,,れいとうビーム,シグナルビーム,チャージビーム,ドわすれ,ラムのみ,ひかえめ,とくこう/とくぼう
903,レジスチル,はがね,,ラスターカノン,１０まんボルト,でんじは,ドわすれ,ラムのみ,ひかえめ,HP/とくこう
904,ラティアス,ドラゴン,エスパー,サイコキネシス,りゅうのはどう,メロメロ,めいそう,ラムのみ,おだやか,とくこう/とくぼう
905,ラティオス,ドラゴン,エスパー,サイコキネシス,りゅうのはどう,でんじは,めいそう,きあいのハチマキ,おだやか,とくこう/とくぼう
906,ヒードラン,ほのお,はがね,ねっぷう,ラスターカノン,げんしのちから,こわいかお,シュカのみ,ひかえめ,とくこう/とくぼう
907,クレセリア,エスパー,,サイコキネシス,ソーラービーム,つきのひかり,にほんばれ,あついいわ,ずぶとい,ぼうぎょ/とくぼう
908,レジギガス,ノーマル,,おんがえし,つばめがえし,でんじは,あやしいひかり,のんきのおこう,わんぱく,HP/ぼうぎょ/とくぼう
909,フリーザー,こおり,ひこう,ゆきなだれ,つばめがえし,からげんき,リフレクター,ソクノのみ,ゆうかん,こうげき/ぼうぎょ
910,サンダー,でんき,ひこう,１０まんボルト,げんしのちから,あやしいかぜ,ひかりのかべ,きあいのハチマキ,おくびょう,とくこう/すばやさ
911,ファイヤー,ほのお,ひこう,だいもんじ,ソーラービーム,はかいこうせん,にほんばれ,あついいわ,おくびょう,HP/とくこう
912,ライコウ,でんき,,かみなりのキバ,かみくだく,アイアンヘッド,おんがえし,おうじゃのしるし,ようき,こうげき/すばやさ
913,エンテイ,ほのお,,ほのおのキバ,かみつく,アイアンヘッド,ストーンエッジ,おうじゃのしるし,ようき,こうげき/すばやさ
914,スイクン,みず,,たきのぼり,こおりのキバ,アイアンヘッド,かみつく,おうじゃのしるし,ようき,こうげき/すばやさ
915,レジロック,いわ,,ほのおのパンチ,かみなりパンチ,れいとうパンチ,ドレインパンチ,するどいツメ,いじっぱり,HP/こうげき
916,レジアイス,こおり,,ゆきなだれ,アームハンマー,かげぶんしん,のろい,たべのこし,わんぱく,HP/ぼうぎょ
917,レジスチル,はがね,,アイアンヘッド,どくどく,かげぶんしん,てっぺき,たべのこし,いじっぱり,HP/ぼうぎょ/とくぼう
918,ラティアス,ドラゴン,エスパー,ドラゴンクロー,しねんのずつき,じしん,つばめがえし,たつじんのおび,いじっぱり,こうげき/すばやさ
919,ラティオス,ドラゴン,エスパー,ドラゴンクロー,シャドークロー,じしん,りゅうのまい,ラムのみ,いじっぱり,こうげき/すばやさ
920,ヒードラン,ほのお,はがね,アイアンヘッド,じしん,ストーンエッジ,かみくだく,せんせいのツメ,いじっぱり,HP/こうげき
921,クレセリア,エスパー,,サイコキネシス,どくどく,かげぶんしん,つきのひかり,ラムのみ,ずぶとい,HP/ぼうぎょ/とくぼう
922,レジギガス,ノーマル,,からげんき,しねんのずつき,かげぶんしん,みがわり,たべのこし,しんちょう,HP/ぼうぎょ/とくぼう
923,フリーザー,こおり,ひこう,れいとうビーム,シグナルビーム,あやしいかぜ,みずのはどう,ものしりメガネ,ひかえめ,ぼうぎょ/とくこう
924,サンダー,でんき,ひこう,ドリルくちばし,たつまき,はがねのつばさ,とんぼがえり,おうじゃのしるし,ようき,こうげき/すばやさ
925,ファイヤー,ほのお,ひこう,ゴッドバード,おんがえし,はがねのつばさ,とんぼがえり,パワフルハーブ,いじっぱり,こうげき/すばやさ
926,ライコウ,でんき,,かみなり,じんつうりき,シグナルビーム,あまごい,ものしりメガネ,ひかえめ,とくこう/すばやさ
927,エンテイ,ほのお,,だいもんじ,ソーラービーム,はかいこうせん,にほんばれ,シュカのみ,ひかえめ,とくこう/すばやさ
928,スイクン,みず,,ハイドロポンプ,ふぶき,シャドーボール,あられ,ラムのみ,ずぶとい,ぼうぎょ/とくこう
929,レジロック,いわ,,ストーンエッジ,アームハンマー,ねむる,のろい,カゴのみ,しんちょう,HP/とくぼう
930,レジアイス,こおり,,れいとうビーム,ラスターカノン,げんしのちから,ねむる,カゴのみ,ずぶとい,ぼうぎょ/とくこう
931,レジスチル,はがね,,シャドークロー,つばめがえし,かみなりパンチ,れいとうパンチ,するどいツメ,いじっぱり,HP/こうげき
932,ラティアス,ドラゴン,エスパー,サイコキネシス,れいとうビーム,エナジーボール,シャドーボール,ひかりのこな,おくびょう,とくこう/すばやさ
933,ラティオス,ドラゴン,エスパー,サイコキネシス,１０まんボルト,れいとうビーム,エナジーボール,ひかりのこな,おくびょう,とくこう/すばやさ
934,ヒードラン,ほのお,はがね,かえんほうしゃ,だいちのちから,りゅうのはどう,あくのはどう,ひかりのこな,ひかえめ,HP/とくこう
935,クレセリア,エスパー,,サイコキネシス,シャドーボール,エナジーボール,チャージビーム,ものしりメガネ,ひかえめ,HP/とくこう
936,レジギガス,ノーマル,,だいちのちから,きあいだま,１０まんボルト,げんしのちから,ものしりメガネ,ひかえめ,HP/とくこう
937,フリーザー,こおり,ひこう,れいとうビーム,エアカッター,げんしのちから,ぜったいれいど,ヨロギのみ,ひかえめ,とくこう/とくぼう
938,サンダー,でんき,ひこう,１０まんボルト,エアカッター,ねっぷう,シグナルビーム,ひかりのこな,ひかえめ,とくこう/すばやさ
939,ファイヤー,ほのお,ひこう,オーバーヒート,エアスラッシュ,げんしのちから,あやしいかぜ,しろいハーブ,ひかえめ,とくこう/すばやさ
940,ライコウ,でんき,,１０まんボルト,じんつうりき,シャドーボール,めいそう,シュカのみ,ひかえめ,とくこう/すばやさ
941,エンテイ,ほのお,,オーバーヒート,じんつうりき,シャドーボール,めいそう,シュカのみ,ひかえめ,とくこう/すばやさ
942,スイクン,みず,,なみのり,れいとうビーム,じんつうりき,めいそう,ソクノのみ,ひかえめ,HP/とくこう
943,レジロック,いわ,,ストーンエッジ,じしん,アームハンマー,だいばくはつ,せんせいのツメ,しんちょう,こうげき/とくぼう
944,レジアイス,こおり,,れいとうビーム,１０まんボルト,はかいこうせん,きあいだま,かいがらのすず,ひかえめ,HP/とくこう
945,レジスチル,はがね,,アイアンヘッド,アームハンマー,じしん,のろい,かいがらのすず,いじっぱり,HP/ぼうぎょ/とくぼう
946,ラティアス,ドラゴン,エスパー,ミストボール,りゅうせいぐん,１０まんボルト,なみのり,しろいハーブ,ひかえめ,とくこう/すばやさ
947,ラティオス,ドラゴン,エスパー,ラスターパージ,りゅうせいぐん,はかいこうせん,なみのり,しろいハーブ,ひかえめ,とくこう/すばやさ
948,ヒードラン,ほのお,はがね,マグマストーム,ラスターカノン,だいちのちから,だいばくはつ,きあいのタスキ,れいせい,こうげき/とくこう
949,クレセリア,エスパー,,サイコキネシス,れいとうビーム,シグナルビーム,つきのひかり,たべのこし,ひかえめ,HP/ぼうぎょ/とくぼう
950,レジギガス,ノーマル,,にぎりつぶす,じしん,ストーンエッジ,ドレインパンチ,ひかりのこな,いじっぱり,HP/こうげき
